out_acc_num,in_currency_amount,net_worth,credit_score,ratio_cash_deposits,ratio_cash_withdrawals,ratio_incoming_international,ratio_outgoing_international
4292001,24619,0.427,8.0,0.2648,0.6527,0.1645,0.0741
4292001,31467,0.427,8.0,0.2648,0.6527,0.1645,0.0741
4292001,32134,0.427,8.0,0.2648,0.6527,0.1645,0.0741
4292001,21627,0.427,8.0,0.2648,0.6527,0.1645,0.0741
4292001,37539,0.427,8.0,0.2648,0.6527,0.1645,0.0741
4292001,31058,0.427,8.0,0.2648,0.6527,0.1645,0.0741
4292002,24884,0.8014,1.0,0.1898,0.1702,0.291,0.4942
4292002,45935,0.8014,1.0,0.1898,0.1702,0.291,0.4942
4292002,41037,0.8014,1.0,0.1898,0.1702,0.291,0.4942
4292002,38847,0.8014,1.0,0.1898,0.1702,0.291,0.4942
4292002,47431,0.8014,1.0,0.1898,0.1702,0.291,0.4942
4292002,42697,0.8014,1.0,0.1898,0.1702,0.291,0.4942
4292003,25026,0.7416,8.0,0.8743,0.5396,0.749,0.645
4292003,40444,0.7416,8.0,0.8743,0.5396,0.749,0.645
4292003,24695,0.7416,8.0,0.8743,0.5396,0.749,0.645
4292003,33208,0.7416,8.0,0.8743,0.5396,0.749,0.645
4292003,40068,0.7416,8.0,0.8743,0.5396,0.749,0.645
4292003,25561,0.7416,8.0,0.8743,0.5396,0.749,0.645
4292003,43913,0.7416,8.0,0.8743,0.5396,0.749,0.645
4292003,29833,0.7416,8.0,0.8743,0.5396,0.749,0.645
4292003,26947,0.7416,8.0,0.8743,0.5396,0.749,0.645
4292004,43275,0.3335,3.0,0.2474,0.8901,0.2489,0.8283
4292004,30158,0.3335,3.0,0.2474,0.8901,0.2489,0.8283
4292004,23306,0.3335,3.0,0.2474,0.8901,0.2489,0.8283
4292004,22194,0.3335,3.0,0.2474,0.8901,0.2489,0.8283
4292004,21387,0.3335,3.0,0.2474,0.8901,0.2489,0.8283
4292004,43341,0.3335,3.0,0.2474,0.8901,0.2489,0.8283
4292005,22263,0.1434,1.0,0.375,0.9222,0.8775,0.7399
4292005,33117,0.1434,1.0,0.375,0.9222,0.8775,0.7399
4292005,30938,0.1434,1.0,0.375,0.9222,0.8775,0.7399
4292005,25031,0.1434,1.0,0.375,0.9222,0.8775,0.7399
4292005,43612,0.1434,1.0,0.375,0.9222,0.8775,0.7399
4292006,28880,0.4393,8.0,0.5823,0.0242,0.5659,0.9131
4292006,47163,0.4393,8.0,0.5823,0.0242,0.5659,0.9131
4292006,29412,0.4393,8.0,0.5823,0.0242,0.5659,0.9131
4292006,42146,0.4393,8.0,0.5823,0.0242,0.5659,0.9131
4292007,23438,0.5929,1.0,0.9951,0.4479,0.2434,0.1919
4292007,48268,0.5929,1.0,0.9951,0.4479,0.2434,0.1919
4292007,43677,0.5929,1.0,0.9951,0.4479,0.2434,0.1919
4292007,49258,0.5929,1.0,0.9951,0.4479,0.2434,0.1919
4292008,40390,0.7436,9.0,0.1953,0.3173,0.9911,0.4682
4292008,48029,0.7436,9.0,0.1953,0.3173,0.9911,0.4682
4292008,20349,0.7436,9.0,0.1953,0.3173,0.9911,0.4682
4292008,36047,0.7436,9.0,0.1953,0.3173,0.9911,0.4682
4292008,47467,0.7436,9.0,0.1953,0.3173,0.9911,0.4682
4292008,36308,0.7436,9.0,0.1953,0.3173,0.9911,0.4682
4292008,46007,0.7436,9.0,0.1953,0.3173,0.9911,0.4682
4292008,35809,0.7436,9.0,0.1953,0.3173,0.9911,0.4682
4292008,30843,0.7436,9.0,0.1953,0.3173,0.9911,0.4682
4292008,47669,0.7436,9.0,0.1953,0.3173,0.9911,0.4682
4292008,49038,0.7436,9.0,0.1953,0.3173,0.9911,0.4682
4292008,45445,0.7436,9.0,0.1953,0.3173,0.9911,0.4682
4292008,31952,0.7436,9.0,0.1953,0.3173,0.9911,0.4682
4292009,48393,0.2676,6.0,0.6981,0.0264,0.2235,0.1977
4292009,41554,0.2676,6.0,0.6981,0.0264,0.2235,0.1977
4292009,43036,0.2676,6.0,0.6981,0.0264,0.2235,0.1977
4292009,29354,0.2676,6.0,0.6981,0.0264,0.2235,0.1977
4292009,49905,0.2676,6.0,0.6981,0.0264,0.2235,0.1977
4292009,37508,0.2676,6.0,0.6981,0.0264,0.2235,0.1977
4292010,46491,0.5859,8.0,0.8209,0.1661,0.0942,0.4202
4292010,38202,0.5859,8.0,0.8209,0.1661,0.0942,0.4202
4292010,32541,0.5859,8.0,0.8209,0.1661,0.0942,0.4202
4292010,29094,0.5859,8.0,0.8209,0.1661,0.0942,0.4202
4292010,43297,0.5859,8.0,0.8209,0.1661,0.0942,0.4202
4292010,33068,0.5859,8.0,0.8209,0.1661,0.0942,0.4202
4292010,36398,0.5859,8.0,0.8209,0.1661,0.0942,0.4202
4292010,45751,0.5859,8.0,0.8209,0.1661,0.0942,0.4202
4292010,30930,0.5859,8.0,0.8209,0.1661,0.0942,0.4202
4292010,41039,0.5859,8.0,0.8209,0.1661,0.0942,0.4202
4292010,41369,0.5859,8.0,0.8209,0.1661,0.0942,0.4202
4292010,36307,0.5859,8.0,0.8209,0.1661,0.0942,0.4202
4292011,42243,0.7538,7.0,0.4416,0.2005,0.9977,0.01
4292011,42215,0.7538,7.0,0.4416,0.2005,0.9977,0.01
4292011,22669,0.7538,7.0,0.4416,0.2005,0.9977,0.01
4292011,26914,0.7538,7.0,0.4416,0.2005,0.9977,0.01
4292011,24176,0.7538,7.0,0.4416,0.2005,0.9977,0.01
4292012,24856,0.3037,5.0,0.3267,0.7345,0.2934,0.3469
4292012,34381,0.3037,5.0,0.3267,0.7345,0.2934,0.3469
4292012,28644,0.3037,5.0,0.3267,0.7345,0.2934,0.3469
4292012,32853,0.3037,5.0,0.3267,0.7345,0.2934,0.3469
4292012,39306,0.3037,5.0,0.3267,0.7345,0.2934,0.3469
4292012,33809,0.3037,5.0,0.3267,0.7345,0.2934,0.3469
4292012,29662,0.3037,5.0,0.3267,0.7345,0.2934,0.3469
4292013,32038,0.7781,1.0,0.4984,0.0631,0.596,0.208
4292013,21749,0.7781,1.0,0.4984,0.0631,0.596,0.208
4292013,46411,0.7781,1.0,0.4984,0.0631,0.596,0.208
4292013,34317,0.7781,1.0,0.4984,0.0631,0.596,0.208
4292013,49278,0.7781,1.0,0.4984,0.0631,0.596,0.208
4292013,47100,0.7781,1.0,0.4984,0.0631,0.596,0.208
4292013,33021,0.7781,1.0,0.4984,0.0631,0.596,0.208
4292013,33538,0.7781,1.0,0.4984,0.0631,0.596,0.208
4292013,41797,0.7781,1.0,0.4984,0.0631,0.596,0.208
4292014,49856,0.5187,7.0,0.7409,0.1094,0.7637,0.7096
4292014,22211,0.5187,7.0,0.7409,0.1094,0.7637,0.7096
4292014,34168,0.5187,7.0,0.7409,0.1094,0.7637,0.7096
4292014,22231,0.5187,7.0,0.7409,0.1094,0.7637,0.7096
4292014,42462,0.5187,7.0,0.7409,0.1094,0.7637,0.7096
4292014,26119,0.5187,7.0,0.7409,0.1094,0.7637,0.7096
4292014,22894,0.5187,7.0,0.7409,0.1094,0.7637,0.7096
4292015,30243,0.128,7.0,0.8506,0.6079,0.0502,0.7033
4292015,23770,0.128,7.0,0.8506,0.6079,0.0502,0.7033
4292015,46399,0.128,7.0,0.8506,0.6079,0.0502,0.7033
4292015,22193,0.128,7.0,0.8506,0.6079,0.0502,0.7033
4292015,26161,0.128,7.0,0.8506,0.6079,0.0502,0.7033
4292015,22639,0.128,7.0,0.8506,0.6079,0.0502,0.7033
4292015,41619,0.128,7.0,0.8506,0.6079,0.0502,0.7033
4292016,31192,0.8922,1.0,0.1012,0.3302,0.025,0.8304
4292016,22243,0.8922,1.0,0.1012,0.3302,0.025,0.8304
4292016,36245,0.8922,1.0,0.1012,0.3302,0.025,0.8304
4292016,24538,0.8922,1.0,0.1012,0.3302,0.025,0.8304
4292017,49109,0.4584,6.0,0.051,0.6613,0.8367,0.9252
4292017,44201,0.4584,6.0,0.051,0.6613,0.8367,0.9252
4292017,23778,0.4584,6.0,0.051,0.6613,0.8367,0.9252
4292017,44083,0.4584,6.0,0.051,0.6613,0.8367,0.9252
4292017,38128,0.4584,6.0,0.051,0.6613,0.8367,0.9252
4292017,20735,0.4584,6.0,0.051,0.6613,0.8367,0.9252
4292018,41396,0.8042,1.0,0.5035,0.1635,0.4232,0.0501
4292018,42198,0.8042,1.0,0.5035,0.1635,0.4232,0.0501
4292018,34015,0.8042,1.0,0.5035,0.1635,0.4232,0.0501
4292018,20402,0.8042,1.0,0.5035,0.1635,0.4232,0.0501
4292018,21651,0.8042,1.0,0.5035,0.1635,0.4232,0.0501
4292018,23004,0.8042,1.0,0.5035,0.1635,0.4232,0.0501
4292018,22645,0.8042,1.0,0.5035,0.1635,0.4232,0.0501
4292018,45022,0.8042,1.0,0.5035,0.1635,0.4232,0.0501
4292019,45469,0.3751,6.0,0.0632,0.5741,0.9619,0.5455
4292019,32853,0.3751,6.0,0.0632,0.5741,0.9619,0.5455
4292019,36261,0.3751,6.0,0.0632,0.5741,0.9619,0.5455
4292019,23337,0.3751,6.0,0.0632,0.5741,0.9619,0.5455
4292019,21755,0.3751,6.0,0.0632,0.5741,0.9619,0.5455
4292020,33673,0.254,6.0,0.4524,0.6512,0.3124,0.2219
4292020,39940,0.254,6.0,0.4524,0.6512,0.3124,0.2219
4292021,33755,0.7701,8.0,0.9996,0.8239,0.3899,0.9647
4292021,41200,0.7701,8.0,0.9996,0.8239,0.3899,0.9647
4292021,22098,0.7701,8.0,0.9996,0.8239,0.3899,0.9647
4292022,43973,0.6251,2.0,0.681,0.813,0.2349,0.9535
4292022,41723,0.6251,2.0,0.681,0.813,0.2349,0.9535
4292022,27905,0.6251,2.0,0.681,0.813,0.2349,0.9535
4292022,24801,0.6251,2.0,0.681,0.813,0.2349,0.9535
4292022,32519,0.6251,2.0,0.681,0.813,0.2349,0.9535
4292022,30507,0.6251,2.0,0.681,0.813,0.2349,0.9535
4292022,41643,0.6251,2.0,0.681,0.813,0.2349,0.9535
4292022,39337,0.6251,2.0,0.681,0.813,0.2349,0.9535
4292023,29588,0.1119,9.0,0.1012,0.8601,0.0282,0.0615
4292023,47243,0.1119,9.0,0.1012,0.8601,0.0282,0.0615
4292023,38540,0.1119,9.0,0.1012,0.8601,0.0282,0.0615
4292023,49880,0.1119,9.0,0.1012,0.8601,0.0282,0.0615
4292024,43922,0.7325,8.0,0.2748,0.5862,0.2089,0.4724
4292024,45787,0.7325,8.0,0.2748,0.5862,0.2089,0.4724
4292024,29344,0.7325,8.0,0.2748,0.5862,0.2089,0.4724
4292024,25186,0.7325,8.0,0.2748,0.5862,0.2089,0.4724
4292024,20535,0.7325,8.0,0.2748,0.5862,0.2089,0.4724
4292025,34519,0.852,6.0,0.1482,0.3966,0.9351,0.8529
4292025,39629,0.852,6.0,0.1482,0.3966,0.9351,0.8529
4292025,37356,0.852,6.0,0.1482,0.3966,0.9351,0.8529
4292025,23205,0.852,6.0,0.1482,0.3966,0.9351,0.8529
4292026,47193,0.5442,10.0,0.2501,0.0235,0.8205,0.9675
4292026,27703,0.5442,10.0,0.2501,0.0235,0.8205,0.9675
4292026,21904,0.5442,10.0,0.2501,0.0235,0.8205,0.9675
4292026,35551,0.5442,10.0,0.2501,0.0235,0.8205,0.9675
4292026,39085,0.5442,10.0,0.2501,0.0235,0.8205,0.9675
4292027,35465,0.8895,2.0,0.2526,0.8621,0.9136,0.581
4292027,49644,0.8895,2.0,0.2526,0.8621,0.9136,0.581
4292027,31856,0.8895,2.0,0.2526,0.8621,0.9136,0.581
4292027,24625,0.8895,2.0,0.2526,0.8621,0.9136,0.581
4292027,21043,0.8895,2.0,0.2526,0.8621,0.9136,0.581
4292027,45134,0.8895,2.0,0.2526,0.8621,0.9136,0.581
4292027,33320,0.8895,2.0,0.2526,0.8621,0.9136,0.581
4292027,35562,0.8895,2.0,0.2526,0.8621,0.9136,0.581
4292027,36564,0.8895,2.0,0.2526,0.8621,0.9136,0.581
4292027,25779,0.8895,2.0,0.2526,0.8621,0.9136,0.581
4292027,45830,0.8895,2.0,0.2526,0.8621,0.9136,0.581
4292027,41472,0.8895,2.0,0.2526,0.8621,0.9136,0.581
4292027,48082,0.8895,2.0,0.2526,0.8621,0.9136,0.581
4292028,49724,0.5161,2.0,0.2645,0.698,0.12,0.5329
4292028,36969,0.5161,2.0,0.2645,0.698,0.12,0.5329
4292028,34164,0.5161,2.0,0.2645,0.698,0.12,0.5329
4292029,26007,0.6766,10.0,0.9115,0.2668,0.9261,0.0634
4292029,34370,0.6766,10.0,0.9115,0.2668,0.9261,0.0634
4292029,38229,0.6766,10.0,0.9115,0.2668,0.9261,0.0634
4292029,38979,0.6766,10.0,0.9115,0.2668,0.9261,0.0634
4292029,46274,0.6766,10.0,0.9115,0.2668,0.9261,0.0634
4292029,42044,0.6766,10.0,0.9115,0.2668,0.9261,0.0634
4292029,22761,0.6766,10.0,0.9115,0.2668,0.9261,0.0634
4292029,30489,0.6766,10.0,0.9115,0.2668,0.9261,0.0634
4292029,49853,0.6766,10.0,0.9115,0.2668,0.9261,0.0634
4292029,46810,0.6766,10.0,0.9115,0.2668,0.9261,0.0634
4292030,43770,0.9453,1.0,0.3282,0.6588,0.5888,0.4097
4292030,21736,0.9453,1.0,0.3282,0.6588,0.5888,0.4097
4292030,20819,0.9453,1.0,0.3282,0.6588,0.5888,0.4097
4292031,48593,0.8677,2.0,0.834,0.5481,0.4705,0.8468
4292031,47922,0.8677,2.0,0.834,0.5481,0.4705,0.8468
4292031,32576,0.8677,2.0,0.834,0.5481,0.4705,0.8468
4292031,42898,0.8677,2.0,0.834,0.5481,0.4705,0.8468
4292031,48142,0.8677,2.0,0.834,0.5481,0.4705,0.8468
4292031,48304,0.8677,2.0,0.834,0.5481,0.4705,0.8468
4292031,48980,0.8677,2.0,0.834,0.5481,0.4705,0.8468
4292032,20259,0.7778,2.0,0.5459,0.1483,0.8091,0.1322
4292032,36647,0.7778,2.0,0.5459,0.1483,0.8091,0.1322
4292032,37526,0.7778,2.0,0.5459,0.1483,0.8091,0.1322
4292032,29746,0.7778,2.0,0.5459,0.1483,0.8091,0.1322
4292032,47431,0.7778,2.0,0.5459,0.1483,0.8091,0.1322
4292033,47805,0.9045,4.0,0.6379,0.033,0.8269,0.912
4292033,36700,0.9045,4.0,0.6379,0.033,0.8269,0.912
4292033,34265,0.9045,4.0,0.6379,0.033,0.8269,0.912
4292033,46882,0.9045,4.0,0.6379,0.033,0.8269,0.912
4292033,22313,0.9045,4.0,0.6379,0.033,0.8269,0.912
4292033,28533,0.9045,4.0,0.6379,0.033,0.8269,0.912
4292034,31729,0.0221,3.0,0.1753,0.7705,0.3584,0.3031
4292034,24675,0.0221,3.0,0.1753,0.7705,0.3584,0.3031
4292034,41514,0.0221,3.0,0.1753,0.7705,0.3584,0.3031
4292035,33924,0.2246,8.0,0.7257,0.3895,0.2041,0.5823
4292035,37756,0.2246,8.0,0.7257,0.3895,0.2041,0.5823
4292035,25800,0.2246,8.0,0.7257,0.3895,0.2041,0.5823
4292035,28922,0.2246,8.0,0.7257,0.3895,0.2041,0.5823
4292035,30068,0.2246,8.0,0.7257,0.3895,0.2041,0.5823
4292035,21452,0.2246,8.0,0.7257,0.3895,0.2041,0.5823
4292035,33524,0.2246,8.0,0.7257,0.3895,0.2041,0.5823
4292035,43599,0.2246,8.0,0.7257,0.3895,0.2041,0.5823
4292036,36144,0.1535,7.0,0.7137,0.6967,0.4186,0.8015
4292036,40102,0.1535,7.0,0.7137,0.6967,0.4186,0.8015
4292036,40361,0.1535,7.0,0.7137,0.6967,0.4186,0.8015
4292036,24426,0.1535,7.0,0.7137,0.6967,0.4186,0.8015
4292036,35750,0.1535,7.0,0.7137,0.6967,0.4186,0.8015
4292036,35268,0.1535,7.0,0.7137,0.6967,0.4186,0.8015
4292036,32922,0.1535,7.0,0.7137,0.6967,0.4186,0.8015
4292036,42661,0.1535,7.0,0.7137,0.6967,0.4186,0.8015
4292036,26253,0.1535,7.0,0.7137,0.6967,0.4186,0.8015
4292036,30317,0.1535,7.0,0.7137,0.6967,0.4186,0.8015
4292036,40010,0.1535,7.0,0.7137,0.6967,0.4186,0.8015
4292036,30706,0.1535,7.0,0.7137,0.6967,0.4186,0.8015
4292037,43337,0.9881,1.0,0.2886,0.3113,0.3705,0.8086
4292037,39700,0.9881,1.0,0.2886,0.3113,0.3705,0.8086
4292037,38510,0.9881,1.0,0.2886,0.3113,0.3705,0.8086
4292037,21870,0.9881,1.0,0.2886,0.3113,0.3705,0.8086
4292038,22841,0.9106,2.0,0.0836,0.2584,0.8395,0.0813
4292038,39515,0.9106,2.0,0.0836,0.2584,0.8395,0.0813
4292038,24266,0.9106,2.0,0.0836,0.2584,0.8395,0.0813
4292039,33328,0.5234,7.0,0.4467,0.931,0.8181,0.6033
4292039,40696,0.5234,7.0,0.4467,0.931,0.8181,0.6033
4292039,49396,0.5234,7.0,0.4467,0.931,0.8181,0.6033
4292039,22185,0.5234,7.0,0.4467,0.931,0.8181,0.6033
4292039,32863,0.5234,7.0,0.4467,0.931,0.8181,0.6033
4292039,38001,0.5234,7.0,0.4467,0.931,0.8181,0.6033
4292039,46838,0.5234,7.0,0.4467,0.931,0.8181,0.6033
4292039,35050,0.5234,7.0,0.4467,0.931,0.8181,0.6033
4292039,37317,0.5234,7.0,0.4467,0.931,0.8181,0.6033
4292039,34927,0.5234,7.0,0.4467,0.931,0.8181,0.6033
4292040,43774,0.265,7.0,0.6552,0.0952,0.3618,0.6416
4292040,35343,0.265,7.0,0.6552,0.0952,0.3618,0.6416
4292040,36331,0.265,7.0,0.6552,0.0952,0.3618,0.6416
4292040,23248,0.265,7.0,0.6552,0.0952,0.3618,0.6416
4292040,21224,0.265,7.0,0.6552,0.0952,0.3618,0.6416
4292040,28992,0.265,7.0,0.6552,0.0952,0.3618,0.6416
4292040,48947,0.265,7.0,0.6552,0.0952,0.3618,0.6416
4292040,40546,0.265,7.0,0.6552,0.0952,0.3618,0.6416
4292040,44216,0.265,7.0,0.6552,0.0952,0.3618,0.6416
4292041,24403,0.5061,9.0,0.6804,0.0839,0.7341,0.2295
4292041,23219,0.5061,9.0,0.6804,0.0839,0.7341,0.2295
4292041,47429,0.5061,9.0,0.6804,0.0839,0.7341,0.2295
4292041,24799,0.5061,9.0,0.6804,0.0839,0.7341,0.2295
4292041,24115,0.5061,9.0,0.6804,0.0839,0.7341,0.2295
4292041,41802,0.5061,9.0,0.6804,0.0839,0.7341,0.2295
4292041,35377,0.5061,9.0,0.6804,0.0839,0.7341,0.2295
4292041,28315,0.5061,9.0,0.6804,0.0839,0.7341,0.2295
4292041,21861,0.5061,9.0,0.6804,0.0839,0.7341,0.2295
4292041,26036,0.5061,9.0,0.6804,0.0839,0.7341,0.2295
4292042,38118,0.5526,8.0,0.2306,0.9271,0.6629,0.1882
4292042,27891,0.5526,8.0,0.2306,0.9271,0.6629,0.1882
4292042,24886,0.5526,8.0,0.2306,0.9271,0.6629,0.1882
4292042,27926,0.5526,8.0,0.2306,0.9271,0.6629,0.1882
4292042,45506,0.5526,8.0,0.2306,0.9271,0.6629,0.1882
4292042,41561,0.5526,8.0,0.2306,0.9271,0.6629,0.1882
4292042,47818,0.5526,8.0,0.2306,0.9271,0.6629,0.1882
4292042,27427,0.5526,8.0,0.2306,0.9271,0.6629,0.1882
4292042,28809,0.5526,8.0,0.2306,0.9271,0.6629,0.1882
4292043,39971,0.4786,3.0,0.8468,0.663,0.7395,0.6694
4292043,32423,0.4786,3.0,0.8468,0.663,0.7395,0.6694
4292043,20182,0.4786,3.0,0.8468,0.663,0.7395,0.6694
4292043,39941,0.4786,3.0,0.8468,0.663,0.7395,0.6694
4292043,47259,0.4786,3.0,0.8468,0.663,0.7395,0.6694
4292044,34017,0.394,7.0,0.0666,0.7625,0.2046,0.2507
4292044,32232,0.394,7.0,0.0666,0.7625,0.2046,0.2507
4292044,25518,0.394,7.0,0.0666,0.7625,0.2046,0.2507
4292044,20968,0.394,7.0,0.0666,0.7625,0.2046,0.2507
4292044,48139,0.394,7.0,0.0666,0.7625,0.2046,0.2507
4292045,33374,0.306,10.0,0.089,0.0956,0.2714,0.2627
4292045,24898,0.306,10.0,0.089,0.0956,0.2714,0.2627
4292045,37107,0.306,10.0,0.089,0.0956,0.2714,0.2627
4292045,47949,0.306,10.0,0.089,0.0956,0.2714,0.2627
4292045,48141,0.306,10.0,0.089,0.0956,0.2714,0.2627
4292045,23575,0.306,10.0,0.089,0.0956,0.2714,0.2627
4292045,35260,0.306,10.0,0.089,0.0956,0.2714,0.2627
4292046,43464,0.488,8.0,0.1026,0.1819,0.1294,0.2657
4292046,34533,0.488,8.0,0.1026,0.1819,0.1294,0.2657
4292047,33083,0.2382,10.0,0.6232,0.8106,0.6419,0.3472
4292047,43849,0.2382,10.0,0.6232,0.8106,0.6419,0.3472
4292047,31299,0.2382,10.0,0.6232,0.8106,0.6419,0.3472
4292047,23458,0.2382,10.0,0.6232,0.8106,0.6419,0.3472
4292047,49574,0.2382,10.0,0.6232,0.8106,0.6419,0.3472
4292047,39464,0.2382,10.0,0.6232,0.8106,0.6419,0.3472
4292048,30421,0.1065,7.0,0.9214,0.1558,0.1033,0.5379
4292048,40450,0.1065,7.0,0.9214,0.1558,0.1033,0.5379
4292048,46658,0.1065,7.0,0.9214,0.1558,0.1033,0.5379
4292048,28080,0.1065,7.0,0.9214,0.1558,0.1033,0.5379
4292048,39301,0.1065,7.0,0.9214,0.1558,0.1033,0.5379
4292048,37892,0.1065,7.0,0.9214,0.1558,0.1033,0.5379
4292048,28996,0.1065,7.0,0.9214,0.1558,0.1033,0.5379
4292048,41842,0.1065,7.0,0.9214,0.1558,0.1033,0.5379
4292048,26048,0.1065,7.0,0.9214,0.1558,0.1033,0.5379
4292048,29689,0.1065,7.0,0.9214,0.1558,0.1033,0.5379
4292049,23450,0.6349,5.0,0.0119,0.8983,0.7042,0.3566
4292049,47003,0.6349,5.0,0.0119,0.8983,0.7042,0.3566
4292049,33860,0.6349,5.0,0.0119,0.8983,0.7042,0.3566
4292049,42004,0.6349,5.0,0.0119,0.8983,0.7042,0.3566
4292049,22208,0.6349,5.0,0.0119,0.8983,0.7042,0.3566
4292049,33124,0.6349,5.0,0.0119,0.8983,0.7042,0.3566
4292050,46532,0.7993,7.0,0.327,0.7906,0.0346,0.5857
4292050,31617,0.7993,7.0,0.327,0.7906,0.0346,0.5857
4292050,45126,0.7993,7.0,0.327,0.7906,0.0346,0.5857
4292050,40726,0.7993,7.0,0.327,0.7906,0.0346,0.5857
4292050,43265,0.7993,7.0,0.327,0.7906,0.0346,0.5857
4292050,44047,0.7993,7.0,0.327,0.7906,0.0346,0.5857
4292050,31511,0.7993,7.0,0.327,0.7906,0.0346,0.5857
4292050,42327,0.7993,7.0,0.327,0.7906,0.0346,0.5857
4292051,44181,0.028,9.0,0.5493,0.1037,0.5161,0.6046
4292051,46947,0.028,9.0,0.5493,0.1037,0.5161,0.6046
4292051,24215,0.028,9.0,0.5493,0.1037,0.5161,0.6046
4292051,25142,0.028,9.0,0.5493,0.1037,0.5161,0.6046
4292051,23549,0.028,9.0,0.5493,0.1037,0.5161,0.6046
4292051,44977,0.028,9.0,0.5493,0.1037,0.5161,0.6046
4292051,24933,0.028,9.0,0.5493,0.1037,0.5161,0.6046
4292051,44481,0.028,9.0,0.5493,0.1037,0.5161,0.6046
4292051,24255,0.028,9.0,0.5493,0.1037,0.5161,0.6046
4292051,21229,0.028,9.0,0.5493,0.1037,0.5161,0.6046
4292052,39524,0.582,5.0,0.2987,0.8498,0.506,0.7917
4292052,27720,0.582,5.0,0.2987,0.8498,0.506,0.7917
4292052,28778,0.582,5.0,0.2987,0.8498,0.506,0.7917
4292052,21953,0.582,5.0,0.2987,0.8498,0.506,0.7917
4292052,28007,0.582,5.0,0.2987,0.8498,0.506,0.7917
4292052,49956,0.582,5.0,0.2987,0.8498,0.506,0.7917
4292052,36796,0.582,5.0,0.2987,0.8498,0.506,0.7917
4292052,20225,0.582,5.0,0.2987,0.8498,0.506,0.7917
4292053,40922,0.1719,2.0,0.2645,0.6988,0.3346,0.378
4292053,23552,0.1719,2.0,0.2645,0.6988,0.3346,0.378
4292053,45237,0.1719,2.0,0.2645,0.6988,0.3346,0.378
4292053,34750,0.1719,2.0,0.2645,0.6988,0.3346,0.378
4292053,35566,0.1719,2.0,0.2645,0.6988,0.3346,0.378
4292054,33278,0.3439,2.0,0.1702,0.7562,0.2548,0.9938
4292054,25568,0.3439,2.0,0.1702,0.7562,0.2548,0.9938
4292054,24195,0.3439,2.0,0.1702,0.7562,0.2548,0.9938
4292054,39082,0.3439,2.0,0.1702,0.7562,0.2548,0.9938
4292054,42837,0.3439,2.0,0.1702,0.7562,0.2548,0.9938
4292054,42135,0.3439,2.0,0.1702,0.7562,0.2548,0.9938
4292055,38270,0.7532,2.0,0.9972,0.2013,0.6105,0.2752
4292055,39650,0.7532,2.0,0.9972,0.2013,0.6105,0.2752
4292055,37426,0.7532,2.0,0.9972,0.2013,0.6105,0.2752
4292055,37813,0.7532,2.0,0.9972,0.2013,0.6105,0.2752
4292055,28484,0.7532,2.0,0.9972,0.2013,0.6105,0.2752
4292055,42504,0.7532,2.0,0.9972,0.2013,0.6105,0.2752
4292055,26646,0.7532,2.0,0.9972,0.2013,0.6105,0.2752
4292055,45888,0.7532,2.0,0.9972,0.2013,0.6105,0.2752
4292055,47859,0.7532,2.0,0.9972,0.2013,0.6105,0.2752
4292055,24212,0.7532,2.0,0.9972,0.2013,0.6105,0.2752
4292055,35335,0.7532,2.0,0.9972,0.2013,0.6105,0.2752
4292055,47893,0.7532,2.0,0.9972,0.2013,0.6105,0.2752
4292056,47040,0.0545,6.0,0.1003,0.1902,0.2947,0.9392
4292056,44528,0.0545,6.0,0.1003,0.1902,0.2947,0.9392
4292056,38900,0.0545,6.0,0.1003,0.1902,0.2947,0.9392
4292057,41306,0.4984,7.0,0.6827,0.5957,0.4877,0.528
4292057,41551,0.4984,7.0,0.6827,0.5957,0.4877,0.528
4292057,36980,0.4984,7.0,0.6827,0.5957,0.4877,0.528
4292057,29008,0.4984,7.0,0.6827,0.5957,0.4877,0.528
4292057,44756,0.4984,7.0,0.6827,0.5957,0.4877,0.528
4292058,39779,0.8062,8.0,0.8277,0.3265,0.8125,0.8053
4292058,42298,0.8062,8.0,0.8277,0.3265,0.8125,0.8053
4292058,35980,0.8062,8.0,0.8277,0.3265,0.8125,0.8053
4292058,44860,0.8062,8.0,0.8277,0.3265,0.8125,0.8053
4292058,20524,0.8062,8.0,0.8277,0.3265,0.8125,0.8053
4292058,38816,0.8062,8.0,0.8277,0.3265,0.8125,0.8053
4292058,24607,0.8062,8.0,0.8277,0.3265,0.8125,0.8053
4292058,20910,0.8062,8.0,0.8277,0.3265,0.8125,0.8053
4292059,46425,0.3414,9.0,0.3568,0.0751,0.1618,0.5905
4292059,36526,0.3414,9.0,0.3568,0.0751,0.1618,0.5905
4292059,39298,0.3414,9.0,0.3568,0.0751,0.1618,0.5905
4292059,38216,0.3414,9.0,0.3568,0.0751,0.1618,0.5905
4292059,26911,0.3414,9.0,0.3568,0.0751,0.1618,0.5905
4292059,38139,0.3414,9.0,0.3568,0.0751,0.1618,0.5905
4292060,49424,0.0469,8.0,0.0071,0.2747,0.7,0.715
4292060,40236,0.0469,8.0,0.0071,0.2747,0.7,0.715
4292060,41315,0.0469,8.0,0.0071,0.2747,0.7,0.715
4292060,22480,0.0469,8.0,0.0071,0.2747,0.7,0.715
4292060,39651,0.0469,8.0,0.0071,0.2747,0.7,0.715
4292060,35493,0.0469,8.0,0.0071,0.2747,0.7,0.715
4292060,22842,0.0469,8.0,0.0071,0.2747,0.7,0.715
4292061,42629,0.7403,1.0,0.8558,0.2243,0.077,0.6557
4292061,30271,0.7403,1.0,0.8558,0.2243,0.077,0.6557
4292061,42883,0.7403,1.0,0.8558,0.2243,0.077,0.6557
4292061,27676,0.7403,1.0,0.8558,0.2243,0.077,0.6557
4292061,47418,0.7403,1.0,0.8558,0.2243,0.077,0.6557
4292062,28469,0.8352,4.0,0.8443,0.7303,0.4075,0.9273
4292062,26781,0.8352,4.0,0.8443,0.7303,0.4075,0.9273
4292062,46688,0.8352,4.0,0.8443,0.7303,0.4075,0.9273
4292062,44539,0.8352,4.0,0.8443,0.7303,0.4075,0.9273
4292062,26692,0.8352,4.0,0.8443,0.7303,0.4075,0.9273
4292062,45043,0.8352,4.0,0.8443,0.7303,0.4075,0.9273
4292062,41483,0.8352,4.0,0.8443,0.7303,0.4075,0.9273
4292063,32395,0.6825,5.0,0.9235,0.6501,0.2403,0.2437
4292063,31481,0.6825,5.0,0.9235,0.6501,0.2403,0.2437
4292063,47558,0.6825,5.0,0.9235,0.6501,0.2403,0.2437
4292063,41139,0.6825,5.0,0.9235,0.6501,0.2403,0.2437
4292063,41926,0.6825,5.0,0.9235,0.6501,0.2403,0.2437
4292064,44460,0.3551,5.0,0.925,0.8708,0.6804,0.4295
4292064,39573,0.3551,5.0,0.925,0.8708,0.6804,0.4295
4292064,47608,0.3551,5.0,0.925,0.8708,0.6804,0.4295
4292064,29818,0.3551,5.0,0.925,0.8708,0.6804,0.4295
4292064,24479,0.3551,5.0,0.925,0.8708,0.6804,0.4295
4292064,29410,0.3551,5.0,0.925,0.8708,0.6804,0.4295
4292065,30393,0.0305,1.0,0.0397,0.927,0.5651,0.3496
4292065,36180,0.0305,1.0,0.0397,0.927,0.5651,0.3496
4292065,25950,0.0305,1.0,0.0397,0.927,0.5651,0.3496
4292065,47961,0.0305,1.0,0.0397,0.927,0.5651,0.3496
4292066,40726,0.4126,7.0,0.4358,0.6303,0.2992,0.1807
4292066,46448,0.4126,7.0,0.4358,0.6303,0.2992,0.1807
4292066,48251,0.4126,7.0,0.4358,0.6303,0.2992,0.1807
4292066,49250,0.4126,7.0,0.4358,0.6303,0.2992,0.1807
4292067,23725,0.5453,4.0,0.7407,0.496,0.139,0.4289
4292067,44508,0.5453,4.0,0.7407,0.496,0.139,0.4289
4292067,46698,0.5453,4.0,0.7407,0.496,0.139,0.4289
4292067,44669,0.5453,4.0,0.7407,0.496,0.139,0.4289
4292067,38331,0.5453,4.0,0.7407,0.496,0.139,0.4289
4292067,23996,0.5453,4.0,0.7407,0.496,0.139,0.4289
4292067,25872,0.5453,4.0,0.7407,0.496,0.139,0.4289
4292067,30730,0.5453,4.0,0.7407,0.496,0.139,0.4289
4292068,21457,0.594,5.0,0.3153,0.2398,0.9816,0.64
4292068,21947,0.594,5.0,0.3153,0.2398,0.9816,0.64
4292068,26457,0.594,5.0,0.3153,0.2398,0.9816,0.64
4292068,45242,0.594,5.0,0.3153,0.2398,0.9816,0.64
4292068,45151,0.594,5.0,0.3153,0.2398,0.9816,0.64
4292068,28847,0.594,5.0,0.3153,0.2398,0.9816,0.64
4292068,20757,0.594,5.0,0.3153,0.2398,0.9816,0.64
4292068,43063,0.594,5.0,0.3153,0.2398,0.9816,0.64
4292069,41843,0.3185,9.0,0.765,0.9902,0.3663,0.0206
4292069,45504,0.3185,9.0,0.765,0.9902,0.3663,0.0206
4292069,31075,0.3185,9.0,0.765,0.9902,0.3663,0.0206
4292070,27680,0.2059,2.0,0.7916,0.4784,0.1767,0.9876
4292070,28164,0.2059,2.0,0.7916,0.4784,0.1767,0.9876
4292070,40551,0.2059,2.0,0.7916,0.4784,0.1767,0.9876
4292070,44086,0.2059,2.0,0.7916,0.4784,0.1767,0.9876
4292070,44599,0.2059,2.0,0.7916,0.4784,0.1767,0.9876
4292070,30878,0.2059,2.0,0.7916,0.4784,0.1767,0.9876
4292071,48082,0.7031,6.0,0.9689,0.2593,0.1813,0.0986
4292071,21268,0.7031,6.0,0.9689,0.2593,0.1813,0.0986
4292071,20488,0.7031,6.0,0.9689,0.2593,0.1813,0.0986
4292072,21108,0.7967,2.0,0.4999,0.2407,0.0406,0.393
4292072,32757,0.7967,2.0,0.4999,0.2407,0.0406,0.393
4292072,37473,0.7967,2.0,0.4999,0.2407,0.0406,0.393
4292072,32119,0.7967,2.0,0.4999,0.2407,0.0406,0.393
4292072,23374,0.7967,2.0,0.4999,0.2407,0.0406,0.393
4292072,37906,0.7967,2.0,0.4999,0.2407,0.0406,0.393
4292072,42451,0.7967,2.0,0.4999,0.2407,0.0406,0.393
4292072,24146,0.7967,2.0,0.4999,0.2407,0.0406,0.393
4292072,23546,0.7967,2.0,0.4999,0.2407,0.0406,0.393
4292072,30590,0.7967,2.0,0.4999,0.2407,0.0406,0.393
4292073,34169,0.7186,7.0,0.9244,0.1787,0.7073,0.1401
4292073,37273,0.7186,7.0,0.9244,0.1787,0.7073,0.1401
4292073,35998,0.7186,7.0,0.9244,0.1787,0.7073,0.1401
4292073,26614,0.7186,7.0,0.9244,0.1787,0.7073,0.1401
4292073,33680,0.7186,7.0,0.9244,0.1787,0.7073,0.1401
4292073,43323,0.7186,7.0,0.9244,0.1787,0.7073,0.1401
4292073,21488,0.7186,7.0,0.9244,0.1787,0.7073,0.1401
4292074,24587,0.3988,2.0,0.696,0.2587,0.9579,0.4663
4292074,21309,0.3988,2.0,0.696,0.2587,0.9579,0.4663
4292074,44019,0.3988,2.0,0.696,0.2587,0.9579,0.4663
4292074,42838,0.3988,2.0,0.696,0.2587,0.9579,0.4663
4292075,43207,0.8751,3.0,0.3901,0.6719,0.0587,0.2736
4292075,27143,0.8751,3.0,0.3901,0.6719,0.0587,0.2736
4292075,24381,0.8751,3.0,0.3901,0.6719,0.0587,0.2736
4292075,28921,0.8751,3.0,0.3901,0.6719,0.0587,0.2736
4292076,31031,0.3322,3.0,0.2914,0.9829,0.1535,0.5914
4292076,41444,0.3322,3.0,0.2914,0.9829,0.1535,0.5914
4292076,24482,0.3322,3.0,0.2914,0.9829,0.1535,0.5914
4292076,38387,0.3322,3.0,0.2914,0.9829,0.1535,0.5914
4292076,21715,0.3322,3.0,0.2914,0.9829,0.1535,0.5914
4292076,39710,0.3322,3.0,0.2914,0.9829,0.1535,0.5914
4292076,42965,0.3322,3.0,0.2914,0.9829,0.1535,0.5914
4292076,28365,0.3322,3.0,0.2914,0.9829,0.1535,0.5914
4292076,43451,0.3322,3.0,0.2914,0.9829,0.1535,0.5914
4292076,34476,0.3322,3.0,0.2914,0.9829,0.1535,0.5914
4292076,31503,0.3322,3.0,0.2914,0.9829,0.1535,0.5914
4292076,48054,0.3322,3.0,0.2914,0.9829,0.1535,0.5914
4292077,24258,0.179,4.0,0.1021,0.2984,0.6946,0.8462
4292077,28327,0.179,4.0,0.1021,0.2984,0.6946,0.8462
4292077,28000,0.179,4.0,0.1021,0.2984,0.6946,0.8462
4292077,37939,0.179,4.0,0.1021,0.2984,0.6946,0.8462
4292077,36312,0.179,4.0,0.1021,0.2984,0.6946,0.8462
4292077,32687,0.179,4.0,0.1021,0.2984,0.6946,0.8462
4292077,43016,0.179,4.0,0.1021,0.2984,0.6946,0.8462
4292077,29916,0.179,4.0,0.1021,0.2984,0.6946,0.8462
4292078,37592,0.3408,1.0,0.2297,0.0247,0.19,0.3786
4292078,48449,0.3408,1.0,0.2297,0.0247,0.19,0.3786
4292078,46171,0.3408,1.0,0.2297,0.0247,0.19,0.3786
4292078,24506,0.3408,1.0,0.2297,0.0247,0.19,0.3786
4292079,37410,0.3235,6.0,0.6154,0.9503,0.7407,0.0146
4292079,21325,0.3235,6.0,0.6154,0.9503,0.7407,0.0146
4292079,35087,0.3235,6.0,0.6154,0.9503,0.7407,0.0146
4292079,49662,0.3235,6.0,0.6154,0.9503,0.7407,0.0146
4292079,24021,0.3235,6.0,0.6154,0.9503,0.7407,0.0146
4292079,41301,0.3235,6.0,0.6154,0.9503,0.7407,0.0146
4292079,21563,0.3235,6.0,0.6154,0.9503,0.7407,0.0146
4292080,34391,0.0565,3.0,0.4506,0.4133,0.0698,0.2881
4292080,36819,0.0565,3.0,0.4506,0.4133,0.0698,0.2881
4292080,47222,0.0565,3.0,0.4506,0.4133,0.0698,0.2881
4292080,38902,0.0565,3.0,0.4506,0.4133,0.0698,0.2881
4292080,37133,0.0565,3.0,0.4506,0.4133,0.0698,0.2881
4292080,44922,0.0565,3.0,0.4506,0.4133,0.0698,0.2881
4292080,36591,0.0565,3.0,0.4506,0.4133,0.0698,0.2881
4292080,29896,0.0565,3.0,0.4506,0.4133,0.0698,0.2881
4292080,29433,0.0565,3.0,0.4506,0.4133,0.0698,0.2881
4292081,44817,0.4962,8.0,0.8492,0.8404,0.6967,0.9746
4292081,22310,0.4962,8.0,0.8492,0.8404,0.6967,0.9746
4292081,47286,0.4962,8.0,0.8492,0.8404,0.6967,0.9746
4292081,38634,0.4962,8.0,0.8492,0.8404,0.6967,0.9746
4292081,41259,0.4962,8.0,0.8492,0.8404,0.6967,0.9746
4292081,37182,0.4962,8.0,0.8492,0.8404,0.6967,0.9746
4292081,28890,0.4962,8.0,0.8492,0.8404,0.6967,0.9746
4292081,39866,0.4962,8.0,0.8492,0.8404,0.6967,0.9746
4292082,24433,0.733,3.0,0.9165,0.9322,0.3305,0.9513
4292082,47837,0.733,3.0,0.9165,0.9322,0.3305,0.9513
4292082,32239,0.733,3.0,0.9165,0.9322,0.3305,0.9513
4292082,37327,0.733,3.0,0.9165,0.9322,0.3305,0.9513
4292082,33348,0.733,3.0,0.9165,0.9322,0.3305,0.9513
4292083,47628,0.7965,5.0,0.3014,0.8313,0.365,0.8247
4292083,33553,0.7965,5.0,0.3014,0.8313,0.365,0.8247
4292083,25236,0.7965,5.0,0.3014,0.8313,0.365,0.8247
4292083,29319,0.7965,5.0,0.3014,0.8313,0.365,0.8247
4292083,39019,0.7965,5.0,0.3014,0.8313,0.365,0.8247
4292084,35317,0.3277,10.0,0.1975,0.5231,0.5493,0.619
4292085,20319,0.7608,3.0,0.6828,0.3196,0.0371,0.9555
4292085,42868,0.7608,3.0,0.6828,0.3196,0.0371,0.9555
4292085,47708,0.7608,3.0,0.6828,0.3196,0.0371,0.9555
4292085,26755,0.7608,3.0,0.6828,0.3196,0.0371,0.9555
4292086,28951,0.6868,4.0,0.2613,0.2316,0.6634,0.8222
4292086,38389,0.6868,4.0,0.2613,0.2316,0.6634,0.8222
4292086,45264,0.6868,4.0,0.2613,0.2316,0.6634,0.8222
4292086,35405,0.6868,4.0,0.2613,0.2316,0.6634,0.8222
4292087,31521,0.9952,6.0,0.7179,0.2446,0.0723,0.3642
4292087,21199,0.9952,6.0,0.7179,0.2446,0.0723,0.3642
4292087,43299,0.9952,6.0,0.7179,0.2446,0.0723,0.3642
4292087,46697,0.9952,6.0,0.7179,0.2446,0.0723,0.3642
4292087,42476,0.9952,6.0,0.7179,0.2446,0.0723,0.3642
4292087,32949,0.9952,6.0,0.7179,0.2446,0.0723,0.3642
4292087,35992,0.9952,6.0,0.7179,0.2446,0.0723,0.3642
4292087,48105,0.9952,6.0,0.7179,0.2446,0.0723,0.3642
4292088,24722,0.6905,7.0,0.1388,0.6062,0.6012,0.5603
4292088,45139,0.6905,7.0,0.1388,0.6062,0.6012,0.5603
4292089,25141,0.5504,6.0,0.635,0.1117,0.1449,0.3403
4292089,45668,0.5504,6.0,0.635,0.1117,0.1449,0.3403
4292089,42263,0.5504,6.0,0.635,0.1117,0.1449,0.3403
4292089,29600,0.5504,6.0,0.635,0.1117,0.1449,0.3403
4292089,49511,0.5504,6.0,0.635,0.1117,0.1449,0.3403
4292089,40852,0.5504,6.0,0.635,0.1117,0.1449,0.3403
4292090,35490,0.8911,10.0,0.0357,0.7078,0.3907,0.1005
4292090,35279,0.8911,10.0,0.0357,0.7078,0.3907,0.1005
4292090,42677,0.8911,10.0,0.0357,0.7078,0.3907,0.1005
4292090,36313,0.8911,10.0,0.0357,0.7078,0.3907,0.1005
4292090,27544,0.8911,10.0,0.0357,0.7078,0.3907,0.1005
4292091,48215,0.7866,3.0,0.9577,0.7935,0.1656,0.7892
4292091,31960,0.7866,3.0,0.9577,0.7935,0.1656,0.7892
4292092,30176,0.5057,7.0,0.6611,0.8494,0.1591,0.7916
4292092,33209,0.5057,7.0,0.6611,0.8494,0.1591,0.7916
4292092,26908,0.5057,7.0,0.6611,0.8494,0.1591,0.7916
4292093,28211,0.4008,6.0,0.1261,0.2511,0.1233,0.2803
4292093,43645,0.4008,6.0,0.1261,0.2511,0.1233,0.2803
4292093,49447,0.4008,6.0,0.1261,0.2511,0.1233,0.2803
4292093,49123,0.4008,6.0,0.1261,0.2511,0.1233,0.2803
4292094,27101,0.7899,3.0,0.3281,0.3033,0.0634,0.4903
4292094,29029,0.7899,3.0,0.3281,0.3033,0.0634,0.4903
4292094,44515,0.7899,3.0,0.3281,0.3033,0.0634,0.4903
4292094,31492,0.7899,3.0,0.3281,0.3033,0.0634,0.4903
4292094,39523,0.7899,3.0,0.3281,0.3033,0.0634,0.4903
4292095,26152,0.4514,3.0,0.763,0.3223,0.5182,0.618
4292095,42950,0.4514,3.0,0.763,0.3223,0.5182,0.618
4292095,25490,0.4514,3.0,0.763,0.3223,0.5182,0.618
4292096,49119,0.6613,7.0,0.1772,0.3099,0.0586,0.1511
4292096,34613,0.6613,7.0,0.1772,0.3099,0.0586,0.1511
4292096,45271,0.6613,7.0,0.1772,0.3099,0.0586,0.1511
4292096,22216,0.6613,7.0,0.1772,0.3099,0.0586,0.1511
4292096,32644,0.6613,7.0,0.1772,0.3099,0.0586,0.1511
4292097,47329,0.7777,2.0,0.5103,0.736,0.5694,0.3975
4292097,23155,0.7777,2.0,0.5103,0.736,0.5694,0.3975
4292097,29090,0.7777,2.0,0.5103,0.736,0.5694,0.3975
4292097,39130,0.7777,2.0,0.5103,0.736,0.5694,0.3975
4292098,37008,0.8616,2.0,0.307,0.3544,0.4252,0.3959
4292098,28394,0.8616,2.0,0.307,0.3544,0.4252,0.3959
4292098,46228,0.8616,2.0,0.307,0.3544,0.4252,0.3959
4292098,20475,0.8616,2.0,0.307,0.3544,0.4252,0.3959
4292098,41069,0.8616,2.0,0.307,0.3544,0.4252,0.3959
4292099,40072,0.9364,4.0,0.1852,0.0851,0.6359,0.5827
4292099,42766,0.9364,4.0,0.1852,0.0851,0.6359,0.5827
4292099,25707,0.9364,4.0,0.1852,0.0851,0.6359,0.5827
4292099,35460,0.9364,4.0,0.1852,0.0851,0.6359,0.5827
4292099,39772,0.9364,4.0,0.1852,0.0851,0.6359,0.5827
4292100,44672,0.7594,9.0,0.0198,0.5783,0.4084,0.6598
4292100,39137,0.7594,9.0,0.0198,0.5783,0.4084,0.6598
4292100,31310,0.7594,9.0,0.0198,0.5783,0.4084,0.6598
4292100,45904,0.7594,9.0,0.0198,0.5783,0.4084,0.6598
