out_acc_num,out_date_key,out_beneficiary_num,out_currency_amount,in_count_code,in_currency_amount,beneficiary_count_code,in_acc_num
4292039,2019-07-31,71,33831,FR,17598,CN,110
4292083,2017-06-11,97,13357,CN,47628,BD,113
4292018,2018-06-02,33,47576,UA,20402,IE,148
4292037,2018-05-23,89,47967,RU,14887,CN,136
4292052,2019-11-24,42,47117,SY,20225,CA,182
4292082,2017-07-06,8,2599,CN,24433,US,148
4292009,2019-08-15,1,9141,US,37508,CZ,195
4292057,2019-09-30,40,4672,PH,11947,BR,148
4292016,2017-12-19,14,32121,CN,5833,CF,185
4292047,2018-10-21,67,16447,CN,14953,CN,133
4292075,2018-07-23,23,6445,KZ,27143,RU,164
4292010,2019-02-28,72,4172,BR,11916,PH,114
4292008,2019-12-23,55,10857,BY,31952,PE,185
4292092,2017-04-18,2,30849,RU,30176,BR,128
4292055,2017-05-01,43,33258,BR,750,NA,120
4292093,2019-08-12,3,9607,CN,2461,ID,119
4292076,2017-05-15,6,47277,CO,41444,JP,169
4292068,2019-12-16,61,47542,FR,43063,PH,112
4292073,2018-06-30,75,14657,YE,11091,PT,132
4292037,2017-05-14,24,14806,CN,43337,CA,103
4292009,2018-01-27,91,33283,PT,48393,AR,149
4292042,2017-01-07,87,30462,KN,1129,UA,168
4292072,2018-03-12,76,48738,VN,32119,JP,198
4292048,2019-11-03,97,13522,CN,26048,PH,134
4292091,2017-11-13,3,18492,MM,48215,CN,133
4292065,2019-06-27,97,41671,HR,47961,CN,169
4292001,2019-06-29,39,22929,CN,31058,CU,190
4292022,2017-02-26,37,9492,LK,41723,PH,105
4292085,2019-04-02,59,36972,PL,47708,CZ,152
4292083,2017-09-24,7,43566,GB,25236,CN,184
4292010,2018-05-14,35,26409,SI,33068,UA,200
4292071,2017-11-27,43,34657,VN,7967,LY,191
4292054,2017-04-28,100,10921,KZ,33278,RU,115
4292019,2017-09-14,79,21047,FR,10091,PA,184
4292002,2017-04-04,68,40149,ER,24884,BR,141
4292012,2017-05-31,13,42574,UG,24856,BR,147
4292048,2019-05-03,7,27004,PH,9172,ID,190
4292068,2017-07-16,55,5636,JP,12129,CZ,136
4292027,2017-09-27,20,27891,PH,31856,PL,189
4292044,2018-04-14,65,49815,GR,32232,CN,112
4292059,2019-07-20,20,7558,FR,13193,PS,107
4292009,2019-06-29,75,3908,CN,49905,PT,120
4292087,2017-04-03,14,31063,VN,21199,PT,162
4292049,2017-11-12,48,29349,PT,23450,ID,200
4292044,2018-09-02,15,17127,IL,20968,NO,197
4292076,2019-03-15,2,7887,PH,48054,CN,122
4292060,2018-12-26,10,927,CN,41315,GR,174
4292098,2017-10-27,48,9646,ID,28394,NG,178
4292008,2017-03-09,4,28720,CL,40390,BA,197
4292023,2019-05-01,39,20324,CN,17427,PH,152
4292094,2017-06-30,80,7083,JP,27101,SA,101
4292070,2017-08-23,50,31467,CN,16192,PT,111
4292019,2019-09-13,66,1827,NG,13773,MY,151
4292021,2018-02-14,94,33557,CZ,4413,NZ,184
4292002,2019-09-19,58,44448,IL,42697,MY,135
4292061,2019-04-17,89,34014,PH,7684,ID,186
4292087,2017-01-22,55,2407,IR,31521,PE,172
4292004,2019-03-09,82,15094,BG,22194,PT,115
4292007,2019-12-12,93,24396,CN,49258,PT,160
4292007,2019-11-16,60,37437,PL,43677,UA,114
4292086,2019-01-30,31,41602,ID,45264,UY,153
4292039,2018-08-15,36,16217,SE,46838,CN,155
4292031,2018-06-26,58,4247,SI,9655,BA,174
4292089,2017-02-20,35,19955,PT,10484,US,186
4292069,2019-05-25,35,22069,CN,31075,CN,161
4292015,2018-04-21,3,40224,PH,26161,FR,132
4292004,2017-02-12,73,40110,GR,9870,NG,160
4292060,2018-09-22,60,41437,UA,964,ML,139
4292082,2017-03-12,32,3203,PH,19456,PL,129
4292010,2019-01-11,31,27396,RU,41369,PT,181
4292090,2017-03-12,84,43188,UY,35490,FR,139
4292099,2019-01-12,3,17768,CN,25707,ID,156
4292072,2019-02-23,37,49134,PY,23374,PE,189
4292018,2017-01-31,74,30296,BR,41396,PH,183
4292080,2017-01-15,6,26007,PT,3793,TN,160
4292058,2019-06-08,89,25442,FM,20910,PH,191
4292025,2017-07-08,49,20601,ID,19291,CN,119
4292052,2018-01-24,33,35524,VE,21953,IR,121
4292040,2018-06-23,92,14712,ID,4415,AR,167
4292003,2019-02-05,87,20629,ID,26947,VE,151
4292045,2017-01-14,86,49166,CN,33374,ID,133
4292035,2017-07-24,94,5987,JP,25800,EG,102
4292006,2019-08-06,99,33101,PL,15964,JP,157
4292100,2019-03-19,43,31659,PH,45904,UA,104
4292014,2018-06-27,41,42183,CN,14683,CN,124
4292025,2017-09-25,90,23976,CN,34519,CN,195
4292015,2019-03-24,81,6314,CN,5847,GR,177
4292056,2018-08-10,71,38635,MX,44528,CA,168
4292008,2018-01-27,42,21017,MY,36047,CN,190
4292043,2019-11-21,29,15415,ID,3381,EG,116
4292064,2018-06-14,96,14602,CO,6223,RU,111
4292026,2017-07-23,77,46588,PH,27703,ID,122
4292057,2018-05-08,16,35217,FR,10383,PH,115
4292040,2019-05-20,78,43560,PH,40546,PH,178
4292035,2019-03-18,7,12870,BR,33524,UY,167
4292080,2018-04-10,63,49049,UA,38902,CN,177
4292060,2017-11-05,92,46413,RU,16382,JP,169
4292079,2017-10-26,5,21139,ID,16103,KP,116
4292098,2019-06-12,89,4122,ID,41069,ID,148
4292008,2018-04-22,80,32217,CZ,35809,CN,185
4292069,2018-03-05,87,39355,FR,4744,CN,122
4292061,2018-12-22,63,4033,RU,47418,CN,104
4292027,2018-09-16,59,34487,PS,11098,GE,183
4292046,2018-09-29,37,25133,RU,34533,CA,128
4292016,2018-01-06,7,27880,RU,31192,CN,117
4292021,2019-10-02,25,14,TH,11892,AR,181
4292051,2017-07-24,73,35080,PH,46947,CN,133
4292080,2019-03-05,81,25634,CN,44922,TG,187
4292088,2018-04-09,6,35864,CO,4685,MA,103
4292057,2019-11-26,82,17432,CO,797,MX,101
4292010,2019-11-16,64,45730,PH,14433,CN,123
4292013,2018-12-22,100,14592,MK,47100,TH,189
4292050,2018-05-19,60,29259,ID,17332,CN,177
4292051,2017-03-14,93,1546,US,17022,CO,103
4292006,2018-08-22,71,11258,MK,11958,NO,188
4292087,2018-07-07,98,23676,ID,35992,CN,181
4292055,2019-01-04,57,38166,ID,24212,CN,180
4292043,2018-09-15,99,27013,PL,32423,CN,158
4292034,2018-08-10,2,43425,ID,41514,PL,112
4292035,2018-12-06,10,8578,PH,30068,CN,102
4292064,2018-07-29,77,15468,US,3764,NL,171
4292099,2018-07-30,36,39833,CN,8863,NP,188
4292014,2018-06-06,21,3697,SE,49856,CN,130
4292036,2017-09-30,82,35654,ID,7604,SE,193
4292041,2017-09-19,42,29499,CN,24799,CN,147
4292018,2018-03-06,51,33316,CL,34015,CN,200
4292013,2018-08-12,71,6159,CO,10349,US,170
4292029,2019-05-05,20,23943,TH,14466,RU,190
4292048,2018-12-18,16,26486,FM,4722,US,196
4292062,2019-05-03,53,9070,US,26692,ZA,191
4292033,2017-05-06,29,18821,JP,198,FR,197
4292065,2018-09-22,54,36821,FR,16280,PL,144
4292049,2018-02-23,95,30675,CG,33860,CZ,104
4292073,2019-10-22,44,550,BA,18825,PE,161
4292011,2018-06-07,39,47813,MA,26914,CN,141
4292041,2018-02-02,49,35574,ZW,16586,UA,118
4292041,2018-04-23,54,12387,BR,41802,CN,143
4292030,2018-06-16,61,40663,PH,21736,CN,108
4292012,2019-10-11,39,3220,US,1751,RS,132
4292084,2019-03-01,34,32036,ID,16673,CN,165
4292080,2019-09-30,35,26743,SE,29433,SE,169
4292068,2018-07-17,9,27698,CN,26457,CN,170
4292060,2017-04-03,45,13956,PH,40236,JP,132
4292033,2017-06-27,83,15290,RU,7541,CN,127
4292045,2018-03-22,28,17373,SI,37107,ID,146
4292005,2018-07-19,10,1754,FR,22263,IL,119
4292077,2019-12-12,9,11462,VE,29916,CA,115
4292050,2019-08-16,89,3023,ID,31511,CZ,109
4292048,2018-02-10,57,17799,TH,39301,SY,185
4292027,2018-06-19,18,7320,HT,33320,SY,135
4292025,2018-10-21,49,36914,AZ,13086,HN,192
4292029,2017-01-16,84,9860,FR,26007,CN,124
4292035,2017-09-25,35,10565,ID,28922,CM,164
4292025,2018-12-15,75,4282,ID,12084,FR,122
4292021,2018-02-01,61,4469,PH,16381,PT,111
4292014,2019-11-06,84,10791,CN,22894,CN,120
4292077,2018-03-07,54,4155,EC,37939,PE,191
4292024,2017-05-06,79,22121,CN,45787,FR,189
4292032,2019-11-03,39,6125,JP,12500,KR,101
4292020,2018-03-03,10,44697,CN,6138,CN,190
4292097,2019-06-05,14,30638,SY,39130,CN,110
4292072,2017-12-21,16,12805,DM,37473,NG,190
4292061,2018-09-13,84,2272,KR,30271,AR,135
4292031,2019-04-08,82,31941,CN,48142,BR,193
4292001,2019-12-17,45,49969,NG,12735,PE,166
4292064,2019-08-27,91,44540,ID,9146,IL,174
4292083,2019-02-17,33,33285,ID,5939,PH,105
4292051,2017-11-01,80,31332,ID,24215,ID,180
4292086,2019-10-14,51,20814,CZ,10695,ID,194
4292046,2019-09-18,47,34668,AR,17040,PH,200
4292093,2019-12-17,52,1222,SE,49123,ID,121
4292099,2018-06-29,14,40393,RU,16095,TZ,199
4292062,2017-07-14,37,34960,PH,26781,PH,180
4292053,2018-10-21,45,23625,CO,45237,CN,129
4292001,2018-10-06,69,30612,CN,21627,CA,146
4292092,2018-01-22,75,31576,MX,26908,UY,198
4292031,2017-03-20,25,46141,CA,10890,ID,186
4292044,2017-12-16,10,3601,FR,5403,BR,189
4292043,2019-11-24,74,42398,AF,4561,CN,198
4292076,2017-01-09,82,13239,CN,7426,US,181
4292014,2019-02-13,6,42272,CN,22231,CN,196
4292100,2018-01-03,32,14923,MU,39137,ID,169
4292031,2019-07-30,82,1612,BR,48304,ET,110
4292089,2017-06-20,38,10118,CN,45668,PE,121
4292100,2018-12-24,50,29528,PH,2700,RS,110
4292079,2018-11-17,33,11732,ID,24021,ID,172
4292037,2019-08-25,44,42774,PH,1772,PL,141
4292095,2019-04-16,62,46844,CA,25490,CN,159
4292029,2019-08-19,57,10432,PH,1836,CN,184
4292061,2018-11-12,28,41597,CN,27676,BR,142
4292019,2017-03-20,73,19424,UY,45469,ID,112
4292043,2018-10-29,94,13979,KZ,39941,ID,189
4292078,2017-09-04,47,39743,JP,37592,KP,130
4292089,2018-07-27,19,21686,RU,422,BR,129
4292058,2018-12-08,58,12576,SV,24607,PT,141
4292037,2019-02-11,63,40666,AR,21870,PT,127
4292010,2018-07-16,66,25068,CN,36398,PL,155
4292080,2018-01-14,42,17792,RU,47222,GT,103
4292065,2017-07-16,38,29335,US,9826,CN,150
4292097,2018-10-30,40,11662,CZ,6523,KE,177
4292045,2018-09-20,94,22888,FR,6574,CZ,110
4292050,2018-11-08,20,15793,SY,45126,ID,148
4292029,2019-02-10,22,38540,GR,13833,CN,167
4292062,2018-08-09,9,18224,NP,225,PH,171
4292019,2018-06-08,13,36058,PE,36261,PE,121
4292072,2019-11-23,51,4335,PS,30590,RS,175
4292071,2018-08-21,22,49705,BR,21268,MU,198
4292048,2017-02-19,66,16725,CN,30421,KE,184
4292060,2017-04-01,33,26194,BR,49424,ID,133
4292015,2019-10-02,12,33378,SY,41619,US,160
4292014,2017-09-21,98,25874,CN,19297,PT,155
4292010,2019-09-09,90,27303,CN,36307,ID,170
4292011,2017-10-18,18,7329,CN,42243,MZ,183
4292039,2018-06-10,83,42294,MM,18665,CN,172
4292036,2018-11-22,100,36567,RU,30706,CN,113
4292082,2017-08-19,42,1022,US,15199,CN,133
4292008,2019-06-20,18,38974,BR,47669,PH,174
4292090,2018-09-05,39,35072,RS,42677,NG,133
4292003,2018-09-08,78,17636,PT,4769,PE,146
4292039,2018-05-31,61,9429,KE,398,BG,181
4292085,2019-05-31,3,36778,PH,26755,CN,150
4292023,2017-01-28,99,38198,PE,29588,KE,127
4292062,2017-08-16,45,47064,BO,46688,CN,175
4292029,2019-12-25,81,22346,CF,46810,PL,200
4292036,2017-12-29,46,23784,FR,32922,CD,178
4292073,2018-03-03,53,35843,PH,26614,PS,145
4292003,2017-02-28,1,33995,ID,40444,MX,193
4292084,2017-12-23,64,27590,RU,18345,SL,169
4292062,2019-09-02,37,27546,MX,12256,BR,117
4292098,2017-12-04,84,1025,RS,46228,PH,168
4292068,2017-03-31,2,26002,TH,21457,IR,170
4292001,2018-01-12,24,27001,PT,24619,ID,189
4292021,2017-10-06,43,19769,VN,33755,MA,175
4292072,2018-10-20,14,42013,CN,19071,CZ,101
4292088,2017-09-06,14,34595,CN,45139,CN,106
4292034,2018-01-10,79,19337,BR,1415,CA,107
4292073,2019-08-14,20,29187,VN,21488,BR,192
4292049,2019-08-06,74,48793,CU,15949,CO,145
4292055,2017-04-28,100,4374,PA,38270,FR,157
4292049,2018-02-05,74,27003,UA,47003,RU,128
4292045,2017-12-05,58,12179,TZ,24898,CN,124
4292082,2019-11-26,36,47889,CN,33348,PT,170
4292042,2019-01-17,97,5732,AM,17947,US,178
4292094,2019-07-03,64,41122,PT,31492,AR,108
4292018,2019-09-02,23,46770,ID,22645,BR,200
4292027,2017-03-29,66,40837,KZ,35465,ID,193
4292005,2019-03-27,85,25039,CN,25031,ID,141
4292002,2018-07-31,56,11721,PT,47431,ID,131
4292079,2017-08-07,71,41330,BF,21325,AZ,177
4292063,2017-02-22,63,680,CA,32395,CN,128
4292064,2019-05-02,46,22462,UA,7519,ID,145
4292073,2019-02-08,96,18631,FR,33680,SE,124
4292067,2019-06-15,63,19432,DE,30730,PT,108
4292040,2017-09-21,75,4434,CN,36331,RU,116
4292065,2018-12-26,66,14882,CL,5830,ZA,123
4292022,2018-09-07,80,30769,ID,32519,CN,199
4292045,2019-05-12,84,15277,ET,35260,BR,197
4292047,2017-07-20,97,6600,US,2216,ID,147
4292097,2018-01-19,13,43166,LT,4200,PT,197
4292050,2017-12-06,14,18601,CN,12275,VE,154
4292068,2019-11-25,96,46556,PH,20757,CN,132
4292009,2018-11-27,10,36635,CN,1586,UA,144
4292013,2018-10-04,56,36944,BR,49278,CN,199
4292036,2018-10-09,87,10085,CN,40010,MA,115
4292055,2018-03-25,25,32972,IS,26646,CN,181
4292006,2019-09-12,85,32301,CA,42146,SY,194
4292032,2018-10-18,82,43407,US,29746,ID,153
4292021,2019-11-09,74,34381,JP,22098,CN,165
4292036,2017-12-15,19,38686,RU,35268,PL,143
4292026,2018-06-21,23,46624,TH,39085,TZ,183
4292039,2019-05-26,39,21850,CN,37317,FR,166
4292021,2019-02-15,18,15425,BA,41200,FR,155
4292080,2017-10-22,32,30833,VN,36819,BR,155
4292099,2019-08-13,26,22912,CN,35460,HR,107
4292065,2017-12-30,69,3866,KG,13117,TN,160
4292020,2018-12-27,17,22658,PH,39940,CO,127
4292049,2019-05-28,46,8096,CN,22208,US,183
4292052,2018-05-12,15,43522,NG,6168,CN,110
4292084,2017-07-22,76,18559,CN,35317,ID,141
4292090,2018-09-30,43,24913,RU,36313,SY,135
4292027,2018-02-20,86,34595,CN,24625,US,199
4292089,2017-08-15,66,14062,FR,42263,CN,101
4292003,2017-10-07,93,37303,SO,40068,ID,124
4292055,2017-10-24,43,36914,MX,37813,FJ,139
4292096,2018-06-23,56,46384,RU,45271,ZA,123
4292081,2018-02-23,20,41076,RU,22310,CN,180
4292086,2017-04-01,68,19016,NG,28951,CN,119
4292042,2019-04-27,37,25639,ID,27427,PT,105
4292085,2018-07-15,17,16253,CZ,13097,JP,123
4292055,2018-08-02,83,2076,PK,2060,HR,131
4292052,2019-09-18,23,10908,ID,8569,CZ,124
4292099,2017-06-28,71,7298,RU,42766,PT,192
4292081,2019-04-04,91,14875,ID,38634,SE,154
4292031,2019-12-28,4,3673,PK,48980,CN,139
4292032,2018-05-19,51,17687,CN,37526,CN,187
4292012,2018-02-01,72,30938,PT,28644,RU,165
4292060,2019-06-02,63,22640,VE,5574,CN,173
4292041,2018-05-16,83,14602,PT,10927,CN,195
4292060,2017-06-15,92,9310,KP,6126,CN,141
4292072,2017-05-25,23,39048,PT,21108,PK,111
4292005,2019-11-22,95,38202,CN,43612,ID,192
4292054,2017-01-12,67,32776,CN,18350,CN,105
4292083,2019-11-24,75,3739,ID,39019,ID,177
4292003,2018-05-09,67,18965,ZA,25561,CA,171
4292050,2019-06-16,100,36620,SC,44047,CO,173
4292036,2017-09-04,78,36330,YE,24426,AR,114
4292014,2019-05-28,41,40024,BR,19281,UA,113
4292072,2017-04-07,45,23025,US,8282,ID,107
4292073,2017-12-18,23,28661,NI,35998,CN,138
4292027,2018-08-23,65,3701,CN,36564,IT,187
4292047,2019-10-29,88,16861,CN,49574,ID,126
4292003,2018-05-19,44,7386,PT,43913,PH,111
4292072,2018-03-24,37,49347,LK,8766,AL,159
4292007,2018-05-13,3,15578,JP,23438,CN,169
4292052,2017-07-20,30,9498,RU,9690,RU,172
4292029,2019-10-04,32,24255,FR,22761,CN,175
4292075,2018-04-24,66,31235,PL,43207,GR,135
4292054,2019-09-09,21,9531,UA,14232,HN,130
4292044,2018-06-22,51,36932,PS,25518,SE,171
4292099,2019-04-27,77,8393,IR,16670,KP,187
4292040,2019-05-26,12,40050,KR,873,FR,135
4292015,2017-11-01,20,44032,TN,22193,AM,189
4292021,2017-04-08,25,31320,IR,19447,ID,109
4292015,2017-04-20,86,44310,TZ,23770,ZA,199
4292042,2019-03-09,10,18051,CN,47818,CN,126
4292018,2017-12-03,92,18591,PL,42198,CN,137
4292033,2017-06-18,42,26851,JP,47805,PH,134
4292097,2017-08-06,65,40151,HT,47329,PL,129
4292035,2018-12-16,73,49909,PH,21452,FR,185
4292024,2017-08-31,10,7707,ID,8596,GU,181
4292001,2017-03-02,5,9915,GR,16830,CN,176
4292024,2018-02-08,92,30981,UA,3408,AM,178
4292047,2019-10-10,10,48001,BR,31299,FR,134
4292090,2017-06-21,15,41401,RU,35279,FR,172
4292100,2017-06-20,46,10101,TJ,5391,PH,146
4292027,2019-10-03,61,19090,VN,41472,AF,123
4292068,2019-09-10,85,11951,FR,28847,CO,103
4292013,2019-12-12,59,42695,PY,4790,CN,141
4292078,2019-12-15,33,14020,AR,24506,FR,139
4292076,2018-12-01,52,36268,CN,43451,CN,105
4292055,2017-09-03,68,9025,PL,13193,YE,150
4292079,2019-12-27,5,34410,SE,21563,ID,107
4292002,2018-01-16,17,12536,ID,38847,CN,119
4292042,2018-04-25,71,30538,PH,45506,VN,187
4292010,2018-12-11,59,22020,ID,41039,PK,198
4292083,2019-09-14,48,23364,GR,29319,PH,144
4292059,2019-09-26,94,49042,PL,5551,PH,141
4292027,2019-10-22,29,10030,PT,48082,HU,165
4292051,2019-12-15,62,6308,UY,16246,CN,184
4292064,2018-09-10,48,35843,RU,24479,PH,119
4292025,2018-05-18,71,42005,BA,37356,GR,144
4292033,2019-01-03,58,29432,NG,46882,PT,165
4292066,2018-04-22,12,26803,ID,1208,MA,169
4292050,2019-11-28,90,4921,CN,42327,RU,170
4292060,2019-05-11,66,24612,PL,17145,CN,162
4292014,2018-09-14,84,46801,ID,34168,KR,129
4292051,2019-07-08,96,46790,CN,24255,CN,183
4292067,2018-08-03,18,353,PH,44669,AR,142
4292081,2017-03-04,11,42440,CA,8333,CN,161
4292052,2017-09-02,91,1077,CN,27720,PT,173
4292018,2019-09-18,52,1594,KR,45022,FR,130
4292057,2019-03-02,13,37503,PH,44756,CO,117
4292003,2017-03-07,48,25830,JP,24695,NL,186
4292040,2017-01-08,58,20136,US,43774,CN,141
4292082,2018-10-03,59,2845,ID,47837,TM,199
4292026,2018-03-31,56,9540,CN,18105,FR,110
4292053,2019-01-15,95,29171,CN,4860,ZM,189
4292060,2019-07-04,55,20609,KP,22480,LT,127
4292057,2018-07-31,41,13721,MX,29008,TH,168
4292041,2017-02-25,46,16393,CN,2797,CN,136
4292005,2019-02-17,84,47491,CN,30938,PH,174
4292060,2019-09-16,22,46154,CD,22842,ID,131
4292099,2018-03-20,8,24336,PT,12968,US,165
4292067,2018-09-04,63,18553,PH,38331,IE,171
4292020,2017-07-21,20,1171,PL,1258,BA,199
4292057,2019-11-04,75,41260,MY,689,ID,132
4292019,2017-12-22,31,16370,CN,32853,AL,147
4292066,2019-06-26,86,47000,ID,48251,FR,177
4292081,2018-01-10,56,9042,FR,6894,ID,157
4292013,2019-09-29,85,3937,ID,1121,NR,174
4292027,2018-02-25,80,24049,ID,21043,CN,120
4292056,2018-11-12,14,49548,CN,18307,ZA,186
4292024,2017-04-23,99,35837,CN,12732,PE,191
4292056,2018-06-06,86,38562,US,47040,ID,146
4292010,2018-09-24,31,45754,CN,30930,PL,189
4292020,2018-05-03,21,4069,KM,17802,FR,183
4292009,2019-05-03,25,32942,CN,15951,US,103
4292023,2018-07-18,25,14748,YE,6194,AF,125
4292098,2018-01-08,60,47579,AR,12559,SO,112
4292030,2018-09-17,43,41625,ID,20819,MA,139
4292026,2017-07-30,99,21874,CN,18543,RU,163
4292081,2018-12-05,46,5373,ID,47286,PE,161
4292038,2019-06-07,86,48316,CN,24266,CZ,153
4292085,2017-03-09,47,8719,FI,20319,PH,162
4292055,2017-09-13,100,4992,CO,37426,CN,171
4292100,2019-06-09,32,28640,BR,296,NI,174
4292008,2018-02-09,16,12126,JO,47467,PE,163
4292090,2017-04-29,14,29839,CN,6328,SE,143
4292004,2019-05-28,48,21420,US,21387,ID,157
4292002,2019-01-22,8,22413,HR,5384,LT,146
4292072,2019-08-28,90,40746,TH,23546,FR,192
4292076,2018-09-21,23,5002,ID,42965,ID,198
4292029,2018-11-14,94,13201,PE,42044,PT,120
4292013,2017-12-13,10,2862,CN,15598,CN,188
4292001,2018-11-28,40,18099,IE,37539,PL,140
4292080,2019-07-09,7,32970,PH,29896,NO,152
4292053,2019-06-17,89,42255,MY,7616,PT,177
4292039,2017-02-17,78,29226,BD,33328,ID,132
4292040,2019-04-18,100,10904,CZ,28992,AR,109
4292017,2018-09-19,88,40651,ID,44201,BR,192
4292026,2018-04-16,38,5583,AR,35551,RU,180
4292098,2019-03-12,97,46054,BR,20475,PT,103
4292067,2019-03-22,64,32802,CN,25872,AR,147
4292015,2019-11-14,82,15482,GQ,16307,NG,163
4292052,2017-08-17,51,42630,ID,39524,PL,191
4292028,2019-05-20,1,25686,RU,16299,JP,144
4292015,2018-02-22,87,36761,ID,2882,PH,165
4292008,2019-08-31,35,18479,PH,49038,CO,199
4292029,2017-06-17,13,9042,CA,38979,US,148
4292038,2017-11-07,77,9261,AR,8235,ID,111
4292013,2019-04-07,85,23059,ID,33538,CN,186
4292060,2019-07-13,43,36260,ID,39651,ID,125
4292057,2017-11-19,85,13716,SY,36980,PH,143
4292089,2018-07-23,89,37064,CN,49511,LA,150
4292080,2017-07-29,85,10269,JP,4311,PA,118
4292014,2019-05-13,46,47207,ID,42462,MX,152
4292033,2018-04-27,68,47403,ID,3552,CN,166
4292092,2017-02-27,43,25255,TH,13988,CM,163
4292036,2018-02-11,78,48955,BR,12357,SE,142
4292079,2017-11-21,21,46104,CN,49662,ID,174
4292071,2017-09-16,89,33671,GE,10340,SR,162
4292042,2017-07-23,95,16558,PT,38118,PT,166
4292041,2017-10-16,65,9408,PA,24115,US,194
4292039,2017-04-18,97,24687,MX,40696,IL,179
4292063,2017-07-28,70,45191,RU,31481,NO,136
4292027,2019-09-30,40,20371,DE,45830,GU,102
4292061,2018-06-23,46,45857,LK,42629,PT,192
4292074,2018-04-03,15,28758,KR,121,TN,113
4292050,2017-06-08,82,48563,PH,12205,IL,168
4292040,2019-02-09,84,40561,AL,13970,CN,120
4292005,2018-11-09,33,4573,AU,33117,CF,155
4292061,2018-12-21,44,37379,CN,17172,GT,148
4292010,2017-08-16,14,2077,RU,29094,GR,109
4292006,2017-07-01,79,6769,BR,5490,CN,177
4292067,2018-12-19,58,41406,TG,14700,ID,126
4292012,2017-06-17,27,28396,PH,34381,CN,102
4292020,2019-09-10,91,6950,PH,11759,BR,110
4292051,2018-12-03,39,39772,CA,44481,ID,132
4292059,2017-07-27,65,20273,HR,46425,US,199
4292043,2018-01-10,82,46476,KR,5383,ID,110
4292051,2019-11-19,61,26054,ID,21229,ID,140
4292083,2019-05-26,93,43006,CN,11678,ET,146
4292036,2017-01-19,9,36762,RU,36144,PH,179
4292041,2018-11-03,53,25482,CN,28315,ET,172
4292006,2017-07-27,45,32355,CO,4478,BR,103
4292071,2019-03-16,5,17195,AZ,14688,ID,151
4292014,2018-06-09,16,21706,KE,22211,SE,149
4292080,2017-05-15,19,23971,CN,15782,CN,149
4292010,2018-03-15,14,25593,SL,43297,CN,159
4292062,2019-06-26,54,31809,CN,41483,MN,183
4292043,2018-09-21,64,47953,CN,20182,GR,125
4292087,2017-02-18,28,45906,FR,19902,TJ,177
4292093,2019-10-06,30,27112,ID,43645,CO,154
4292026,2019-01-27,84,38590,CN,11014,CN,185
4292030,2019-06-01,44,16702,PH,8151,ID,195
4292081,2019-11-19,83,30383,RU,4399,CN,116
4292032,2019-02-02,85,43909,ID,5298,TH,104
4292045,2018-10-22,33,41333,CN,23575,SL,148
4292039,2018-01-06,59,21555,OM,32863,JP,172
4292078,2019-11-26,15,28491,ET,46171,ID,170
4292089,2019-08-08,88,23188,UA,10223,CN,199
4292009,2019-04-26,19,48733,LU,29354,PH,194
4292008,2019-12-11,31,39648,FI,45445,KW,177
4292010,2018-07-24,23,39842,BR,45751,AL,199
4292049,2017-07-07,87,42328,PH,63,ID,116
4292075,2017-03-18,97,45625,ID,11768,RU,123
4292077,2017-12-30,87,25301,BR,28000,RU,155
4292044,2018-05-16,93,6322,GR,18879,CN,178
4292049,2018-06-03,80,10883,SE,42004,PT,196
4292071,2017-11-19,31,47815,US,48082,CN,135
4292075,2017-05-02,3,36082,JP,7383,CN,141
4292034,2018-01-14,67,9896,DE,31729,PH,102
4292084,2017-12-03,66,11811,PH,15544,JO,120
4292090,2019-11-17,89,31330,RU,27544,MN,116
4292051,2017-01-04,84,32841,CA,44181,AF,156
4292050,2018-06-22,87,19480,PH,31617,NP,181
4292033,2019-11-28,61,48738,ID,4796,CN,103
4292080,2017-05-13,14,45529,PT,229,CN,120
4292044,2017-09-03,80,21277,CN,34017,YE,167
4292036,2017-11-13,9,1785,SE,35750,MK,125
4292011,2019-12-15,30,5901,CN,24176,CN,157
4292024,2017-02-10,69,36698,CO,43922,ID,166
4292059,2018-10-28,68,7030,CO,26911,ID,152
4292078,2019-01-10,11,14211,CN,15272,MY,143
4292064,2017-03-16,35,26693,DJ,44460,NG,191
4292066,2018-04-20,87,46547,PH,1410,PH,171
4292084,2017-01-14,11,24232,BG,16806,PT,130
4292022,2018-06-16,5,2549,ID,24801,TL,158
4292085,2018-07-15,97,14227,CN,42868,ID,178
4292029,2019-10-27,77,541,BR,30489,SE,101
4292019,2019-06-09,67,35518,BR,8053,PH,192
4292044,2018-10-01,3,10342,JP,48139,RU,173
4292050,2017-07-30,60,16573,CN,1211,CN,128
4292015,2018-05-16,18,23486,PL,22639,PT,141
4292015,2017-02-28,25,39097,RU,30243,RU,149
4292004,2017-09-22,18,22349,IE,30158,PE,178
4292022,2019-06-27,30,43864,UA,39337,MD,145
4292084,2018-09-28,6,23618,SY,9334,CA,161
4292036,2018-01-05,43,33979,PT,42661,FR,169
4292059,2018-11-22,97,1356,JP,38139,CN,115
4292062,2017-02-17,63,31166,BR,28469,PH,119
4292095,2017-03-09,90,42356,CN,26152,ID,161
4292070,2017-05-13,70,13466,PT,28164,CN,146
4292067,2018-02-05,35,45309,TH,46698,MY,200
4292068,2019-03-07,90,49296,PT,16879,DE,193
4292096,2018-01-09,40,14597,HR,34613,MY,172
4292079,2019-12-05,96,6225,BD,826,PE,164
4292049,2019-09-22,33,17964,BR,33124,BR,151
4292036,2018-08-16,56,39432,KR,234,CN,191
4292005,2018-03-15,98,21797,EG,3347,ID,181
4292086,2018-11-02,54,10862,US,14834,BR,110
4292058,2017-03-16,60,39158,UG,42298,FR,107
4292054,2019-04-02,98,21024,GT,42135,CN,126
4292032,2019-03-05,63,12244,CO,47431,MK,111
4292063,2019-09-12,36,37451,CN,41926,CH,182
4292039,2019-02-08,92,49681,PH,35050,PL,196
4292050,2017-03-23,79,19890,UA,13122,FR,171
4292026,2017-04-10,72,33548,CZ,17730,RU,200
4292064,2019-12-07,87,37133,PL,29410,CN,141
4292099,2019-11-10,29,38627,AR,39772,TZ,183
4292020,2017-03-16,31,35697,TZ,19182,KR,153
4292006,2018-03-21,94,6618,FR,28880,BR,109
4292068,2017-05-14,73,23535,CN,21947,CN,158
4292025,2019-10-07,56,3279,UA,18735,CN,139
4292024,2019-06-20,15,2375,RS,25186,FR,110
4292050,2019-06-01,22,38703,PH,43265,CN,147
4292062,2019-05-10,51,35381,PH,45043,US,105
4292002,2018-12-08,62,7652,CN,618,PY,145
4292045,2017-06-08,39,44520,IS,2768,CN,154
4292017,2018-11-07,69,21038,CN,23778,BO,189
4292048,2017-05-02,11,35858,PT,46658,CN,118
4292008,2019-04-11,38,38220,TH,30843,PL,144
4292030,2019-03-05,52,32521,GR,2428,BJ,118
4292066,2019-02-07,67,48883,PH,46448,RU,182
4292073,2019-05-23,23,43462,CN,43323,SN,117
4292022,2018-11-03,18,49058,US,30507,CN,170
4292006,2019-01-24,13,7429,UA,29412,BR,102
4292097,2018-09-25,90,48232,RU,23155,VN,157
4292050,2019-05-13,18,26206,PT,40726,CN,197
4292006,2019-04-18,83,12043,JP,5060,AR,154
4292067,2017-05-14,40,701,RU,23725,FI,143
4292016,2019-09-01,23,27329,KZ,16712,MG,190
4292042,2017-10-16,59,6310,CZ,24886,CN,167
4292016,2018-07-12,99,4184,RU,36245,UA,188
4292013,2017-11-16,88,3436,ID,21749,CN,200
4292015,2017-08-09,98,5935,UA,46399,NG,180
4292022,2018-03-05,44,17720,ID,27905,RU,123
4292012,2019-10-24,47,2068,IT,29662,ID,165
4292067,2017-11-17,58,3383,ID,44508,CA,137
4292055,2019-05-01,33,24360,SN,35335,BR,143
4292086,2019-11-21,1,41737,KP,35405,LU,198
4292047,2019-06-20,54,10265,CA,43849,ME,185
4292023,2018-02-02,86,8943,TN,47243,CN,196
4292076,2018-10-01,56,47323,RU,28365,GH,120
4292068,2018-01-17,40,33451,CN,14182,BR,146
4292055,2018-09-27,65,30006,CN,8664,CN,122
4292070,2019-04-18,3,19737,FR,30878,BR,166
4292042,2018-07-13,66,44349,FR,41561,NL,142
4292031,2018-03-17,74,27350,PE,10485,MW,105
4292017,2019-11-03,91,38026,MX,20735,UA,184
4292095,2017-05-17,72,23391,CN,5907,PL,102
4292088,2017-03-06,35,25474,US,18565,ID,178
4292008,2019-08-11,62,2856,RU,583,BR,160
4292027,2019-05-19,70,5708,FR,25779,CN,145
4292058,2017-04-07,43,44911,ZA,35980,SE,146
4292038,2017-02-04,33,44755,NG,19017,MX,134
4292019,2019-05-15,24,10628,CA,23337,ML,125
4292057,2017-06-06,6,17449,PH,41306,US,149
4292047,2019-02-19,50,33827,LK,14070,CN,142
4292065,2018-01-04,16,3889,PL,30393,PL,127
4292096,2017-05-17,30,40586,MR,3098,RU,180
4292056,2018-01-10,77,30522,RU,15128,ID,128
4292044,2018-03-04,5,37291,MN,17272,BA,181
4292094,2017-04-11,45,10211,JP,18810,ID,119
4292092,2018-11-07,42,35643,HR,3612,UA,151
4292036,2017-07-17,46,15738,AR,40361,SE,162
4292055,2017-07-13,75,27668,FR,39650,AM,108
4292011,2017-11-30,4,13004,PT,42215,PT,175
4292031,2018-08-29,15,33730,RU,42898,CN,111
4292051,2018-01-27,92,22245,ES,24933,CN,141
4292077,2019-06-30,41,45330,CA,43016,GB,127
4292048,2017-06-23,30,30477,FR,28080,PA,141
4292060,2019-08-12,88,22047,JP,35493,YE,149
4292048,2018-11-14,42,24217,IE,19056,AR,169
4292004,2018-09-05,55,35097,GR,9380,ID,178
4292009,2018-07-02,40,3925,ID,18944,RU,114
4292042,2018-03-16,9,38814,LU,27926,ID,134
4292089,2018-06-25,71,16790,RU,29600,CN,122
4292023,2019-10-23,29,20854,MX,49880,ID,103
4292096,2018-08-05,34,29423,CO,17920,MY,110
4292032,2018-07-10,2,9571,CN,5438,RU,131
4292032,2017-08-15,85,9817,AL,3222,ID,171
4292072,2019-07-18,89,26767,CN,24146,PE,110
4292009,2017-11-25,18,27279,CN,10526,FR,196
4292042,2018-08-05,91,13750,RS,16570,CN,199
4292074,2019-09-21,55,14331,PL,42838,NG,175
4292083,2019-11-04,10,22763,HN,502,PA,123
4292100,2018-02-14,32,23008,KG,31310,YE,192
4292035,2019-07-26,45,33373,PL,8086,UA,131
4292035,2017-01-11,67,18972,PK,33924,PH,186
4292095,2017-11-15,18,24834,ID,42950,MN,121
4292021,2017-06-05,88,36856,FR,4059,UA,107
4292022,2018-11-04,5,29918,CN,41643,CN,166
4292048,2019-08-09,19,40901,SE,15582,CN,187
4292080,2019-03-15,3,21772,CN,36591,MX,110
4292057,2017-07-11,87,23972,CN,41551,PL,126
4292010,2017-06-14,50,10321,TH,46491,RU,149
4292039,2017-06-18,31,48181,SE,49396,CZ,169
4292052,2018-10-03,43,16176,ID,3418,SV,116
4292078,2018-05-21,59,29136,CA,10570,RS,137
4292097,2018-03-10,82,23741,JP,2402,SE,108
4292025,2018-05-15,24,40987,BR,39629,MX,141
4292081,2017-06-02,21,42853,NP,44817,KR,199
4292009,2019-04-06,69,37551,PL,43036,CA,179
4292047,2019-11-21,50,41191,ID,39464,CZ,110
4292019,2019-06-08,32,9986,CN,21755,PH,141
4292027,2018-02-27,62,4084,NG,45134,TH,188
4292019,2018-03-10,23,32748,CN,7991,ID,108
4292083,2018-09-27,84,17463,US,10926,IR,159
4292081,2019-11-01,28,33929,RU,28890,NO,123
4292003,2018-11-07,46,28853,FR,29833,UZ,192
4292008,2018-04-19,33,24840,IE,46007,CN,168
4292056,2019-09-16,39,18838,DE,5493,ID,130
4292001,2018-05-20,34,42235,VN,31467,KM,158
4292023,2019-11-16,55,43379,TW,11916,JP,162
4292009,2017-11-27,85,32022,CN,17701,CN,192
4292054,2018-03-27,24,3355,CD,39082,PH,140
4292076,2019-03-28,92,46057,PH,19549,ID,186
4292023,2019-09-06,87,37668,CN,38540,US,151
4292027,2017-02-04,27,45610,ZA,5330,PT,128
4292064,2017-05-15,3,15626,PE,39573,IE,167
4292047,2019-10-20,94,40027,KZ,23458,PL,186
4292041,2017-03-13,82,32752,CN,24403,CO,143
4292054,2019-03-26,93,31095,CN,18133,AF,122
4292069,2017-12-18,70,43137,NP,41843,UY,174
4292077,2017-02-28,79,19928,CN,24258,US,106
4292029,2017-03-25,89,14999,MX,38229,PS,153
4292008,2017-12-09,46,7847,RU,20349,HU,130
4292017,2017-09-14,55,33691,YE,49109,CZ,119
4292024,2018-05-28,48,46039,GR,14338,LT,190
4292058,2018-10-10,77,13342,HN,38816,RU,199
4292075,2017-04-13,64,6955,FR,7128,CN,191
4292099,2017-03-07,59,23885,CN,40072,CN,153
4292096,2018-01-02,12,46544,AZ,49119,ID,141
4292011,2019-04-18,51,27867,FR,12049,RU,164
4292100,2017-09-17,49,29197,PH,44672,PL,134
4292027,2018-01-05,88,18121,CN,10344,RU,140
4292056,2017-09-11,90,32983,CN,6117,PH,141
4292079,2017-07-14,42,7370,CN,37410,YE,127
4292059,2018-04-15,52,29771,CN,19906,FR,149
4292080,2018-11-26,6,17669,GR,37133,CN,196
4292009,2017-02-04,73,9963,RU,6878,PS,175
4292033,2019-02-09,14,38233,BR,22313,ID,151
4292096,2017-06-02,57,25314,AR,13320,CN,169
4292003,2019-01-29,10,33576,US,7549,ES,194
4292055,2019-06-22,40,48990,RU,11887,OM,182
4292076,2018-12-23,13,11492,CA,34476,MY,172
4292008,2017-04-26,83,49283,CN,15717,LK,152
4292004,2018-01-16,58,13289,BO,23306,ID,122
4292053,2017-11-07,13,19906,CN,40922,CN,179
4292010,2017-10-26,33,9437,CN,7131,CA,179
4292073,2017-12-16,19,15835,GR,11040,ID,127
4292067,2017-01-01,65,13637,PH,2451,AM,196
4292017,2019-05-05,45,11234,BA,38128,ID,153
4292049,2018-01-24,27,44834,ID,13782,BR,187
4292025,2017-09-27,76,10555,RS,6872,ID,138
4292088,2017-08-24,22,37742,AM,12461,TH,193
4292066,2017-07-15,7,47992,PL,40726,FR,103
4292078,2017-11-23,40,1851,ID,9729,CA,185
4292029,2019-11-18,90,34901,JP,49853,PT,171
4292047,2019-04-02,90,47323,KY,33083,CN,191
4292021,2018-01-02,71,35391,KR,15141,PH,141
4292075,2018-09-24,36,8975,CN,24381,RU,184
4292056,2018-12-11,30,45270,CN,19135,RU,142
4292071,2019-11-22,43,28351,US,20488,CO,102
4292083,2017-06-18,10,7347,CD,33553,FR,142
4292043,2018-12-07,17,1161,BR,47259,ID,158
4292075,2017-11-17,67,32150,PE,15660,ID,186
4292008,2018-04-05,79,38089,RS,36308,PH,115
4292048,2018-01-14,76,47127,UA,7403,CN,151
4292050,2018-01-24,42,29315,ID,46532,UA,123
4292065,2017-04-21,31,31868,ID,6626,CN,145
4292070,2019-05-21,13,6637,MX,3718,KG,130
4292073,2017-10-29,22,714,CN,37273,PE,174
4292098,2017-06-03,66,9129,CN,37008,UZ,107
4292048,2017-04-29,69,17784,CN,40450,CZ,175
4292040,2018-09-18,49,44805,PT,23248,RU,138
4292006,2018-08-05,55,43127,CZ,47163,GR,195
4292026,2017-09-23,34,35984,PT,18292,SI,106
4292004,2019-11-15,27,37100,PK,43341,AR,138
4292040,2018-07-01,12,37745,CN,316,SD,114
4292066,2019-12-31,81,10256,BR,48621,CZ,126
4292026,2018-03-26,77,7131,NG,21904,RU,122
4292064,2017-08-01,1,26773,CN,29818,ID,145
4292037,2019-08-07,17,17059,ID,17938,CN,148
4292074,2019-05-05,87,22172,PS,44019,SE,122
4292031,2018-04-22,13,9581,RU,9445,ID,142
4292072,2017-06-11,32,22665,FR,32757,ID,198
4292090,2019-10-11,98,12487,SE,14875,CN,102
4292095,2017-04-18,65,4939,CN,8566,BR,133
4292048,2018-10-25,28,44845,VN,41842,UA,158
4292089,2017-04-06,39,22630,ID,25141,RU,105
4292091,2019-06-28,23,9967,ID,31960,CN,185
4292025,2019-03-08,70,30661,RU,23205,CN,122
4292062,2019-12-13,61,38426,PE,1775,CN,167
4292064,2017-05-28,89,38430,SE,47608,RU,102
4292070,2018-06-24,29,4412,ID,16551,PT,190
4292028,2018-04-10,46,18082,PH,34164,CV,152
4292072,2017-08-21,25,20909,CN,3046,SE,179
4292044,2018-09-03,40,20866,BR,5037,GE,181
4292045,2018-09-26,10,38222,CZ,8498,PL,150
4292040,2019-06-14,59,33190,PL,2613,CN,164
4292088,2019-11-26,69,1749,GR,11584,US,135
4292053,2019-10-18,51,39052,CZ,9731,ID,198
4292096,2019-03-13,93,42090,ID,4106,ID,116
4292010,2017-07-03,74,48443,NL,38202,BR,184
4292086,2017-04-17,18,22515,CN,38389,CN,129
4292060,2019-10-27,55,33530,SE,14902,CZ,174
4292024,2018-10-30,61,32260,AR,29344,NG,190
4292031,2017-06-27,43,32810,DE,32576,EC,199
4292089,2018-09-20,25,35840,NZ,40852,RU,121
4292077,2017-08-29,33,2168,CN,28327,MX,196
4292056,2017-11-20,62,9720,CU,36,CN,135
4292081,2019-09-23,21,11453,DE,3274,RU,138
4292004,2017-06-26,94,5061,BR,43275,HT,192
4292013,2019-05-04,45,48944,PK,41797,VE,162
4292064,2019-04-17,33,7615,MX,10266,ID,120
4292002,2017-08-15,29,48799,RU,45935,BR,111
4292017,2019-05-30,26,42553,RU,3597,PA,189
4292034,2018-01-19,44,17281,NG,24675,RU,182
4292076,2019-10-04,24,9433,CN,19941,CN,102
4292027,2018-06-30,64,32965,ID,2725,AM,182
4292016,2018-08-15,7,28806,PH,24538,JP,196
4292096,2019-04-18,96,17885,CN,22216,MG,190
4292024,2017-12-14,100,20553,PH,8778,CN,196
4292035,2017-06-06,73,14473,BR,15468,AR,193
4292061,2018-10-06,83,21279,PH,42883,BT,165
4292033,2019-04-11,36,32040,BY,28533,BR,178
4292063,2019-06-03,95,33352,JP,16124,US,119
4292091,2018-10-18,95,7296,PL,915,MX,185
4292037,2018-09-14,74,19826,CN,38510,BR,179
4292026,2017-07-11,24,40677,ID,47193,CU,150
4292016,2018-05-07,93,42081,PE,22243,BR,173
4292087,2017-08-03,61,13724,US,43299,CU,118
4292001,2018-08-30,100,21181,SE,32134,SE,183
4292040,2018-10-18,10,27026,US,21224,ID,171
4292053,2018-03-31,58,23810,CU,23552,CN,187
4292054,2017-09-21,36,21184,PL,25568,ZA,103
4292076,2017-10-24,52,31265,CN,38387,CN,175
4292079,2019-04-05,100,14012,PE,13910,ID,106
4292093,2019-08-12,22,20736,CO,28211,BR,106
4292013,2018-05-21,14,18863,ID,46411,US,102
4292035,2017-04-11,9,27667,HR,37756,PH,174
4292042,2017-10-12,47,7852,PT,10861,UA,157
4292069,2019-02-16,56,1079,HN,19784,AU,108
4292010,2017-07-04,12,34437,CN,32541,PL,163
4292013,2019-02-05,16,18189,ID,10843,PA,126
4292088,2017-09-15,46,13480,US,10034,KE,169
4292079,2019-06-04,21,3806,PT,41301,ID,128
4292081,2018-03-30,85,45402,MY,173,CO,108
4292054,2018-09-09,86,33653,SM,42837,VN,136
4292065,2017-08-21,29,17370,FR,5112,VE,132
4292067,2018-09-28,25,8276,PH,23996,MN,113
4292053,2019-04-23,45,48027,RU,34750,PH,167
4292036,2017-05-26,67,27357,CZ,40102,CN,182
4292070,2017-01-31,95,33078,GN,27680,PL,139
4292067,2019-10-17,4,1927,KZ,8978,SZ,101
4292015,2018-09-25,46,33264,CI,8835,KR,164
4292036,2018-12-17,30,46682,DO,1032,FR,198
4292016,2017-05-16,39,33547,BR,6174,CN,164
4292041,2017-03-15,93,14132,PH,23219,BG,167
4292070,2017-09-14,24,32164,PH,40551,ID,103
4292097,2019-05-10,81,8509,RU,16349,CN,180
4292021,2017-06-17,21,28229,AF,11717,NG,124
4292038,2017-08-27,74,49019,SE,22841,GF,179
4292082,2019-12-03,11,12603,NL,18187,CN,145
4292058,2018-04-09,66,47229,PT,44860,UA,176
4292019,2017-08-03,40,40222,CN,3543,ZA,107
4292040,2017-08-12,10,21392,CN,35343,FR,189
4292024,2019-12-24,83,47725,FR,11929,US,181
4292012,2018-06-11,1,18963,TN,32853,NI,125
4292035,2019-08-19,3,28257,HT,43599,PH,198
4292036,2017-12-08,81,31289,JP,6990,ID,199
4292023,2017-05-16,7,41033,FI,13619,UA,108
4292088,2017-03-21,47,16140,OM,11658,DE,129
4292033,2018-04-29,93,24663,CN,36700,BR,115
4292079,2019-04-23,56,47546,ID,18825,CN,179
4292080,2017-07-07,12,21796,ID,34391,VN,147
4292031,2017-05-09,96,9670,JP,47922,ID,141
4292043,2017-06-09,70,27664,CN,39971,ID,146
4292032,2018-03-05,67,46892,AR,36647,BR,119
4292066,2019-09-26,70,39177,PH,49250,SE,141
4292058,2018-06-02,97,19943,CZ,20524,BR,160
4292087,2017-08-18,95,46100,RU,46697,ID,142
4292093,2019-10-18,71,24831,CN,18702,US,169
4292065,2018-04-14,55,22290,AM,36180,PH,121
4292067,2019-08-05,20,37064,NZ,7180,CL,172
4292027,2017-09-11,44,13456,FR,49644,PL,135
4292037,2017-06-12,20,29080,PH,11013,PH,156
4292071,2019-08-14,14,24052,CN,11798,MX,104
4292059,2018-05-10,40,34951,CN,39298,CN,127
4292079,2017-09-18,28,1255,PE,35087,CO,176
4292053,2019-10-15,35,35364,US,35566,GT,176
4292041,2019-06-09,48,19117,AF,21861,CN,183
4292090,2019-01-11,94,21585,CN,3136,ID,130
4292045,2018-09-27,15,27434,KH,48141,ID,112
4292027,2018-07-25,21,11773,PE,19451,BA,130
4292018,2019-07-28,61,49467,ID,23004,FR,166
4292014,2019-06-10,88,7678,PT,26119,PH,151
4292043,2017-11-10,94,13976,FM,2533,PL,143
4292006,2019-06-02,52,41268,NO,9331,ID,179
4292072,2019-04-29,32,2343,CN,13539,CM,143
4292048,2019-06-24,74,9771,CN,2949,FR,105
4292052,2019-06-27,93,24832,BY,6368,PL,148
4292028,2017-07-11,5,9992,CO,36969,NL,162
4292041,2018-06-14,38,25980,PT,35377,FR,127
4292052,2017-10-22,55,11183,SE,28778,RU,122
4292001,2017-04-25,34,46301,HN,18425,TG,141
4292058,2017-01-14,73,43415,CN,39779,CZ,161
4292022,2017-10-09,47,17915,FR,9221,ID,158
4292007,2019-01-16,88,26331,CZ,48268,SE,121
4292062,2017-08-27,43,33115,PL,18208,CO,195
4292042,2017-09-29,32,25501,DO,27891,MX,177
4292077,2018-11-27,56,24328,MM,32687,VE,121
4292040,2019-04-29,26,28367,XK,48947,PH,180
4292036,2018-10-01,27,11340,RU,30317,CN,162
4292068,2018-11-19,16,10181,RW,45242,CN,171
4292035,2017-12-11,71,7594,GR,6901,PH,112
4292031,2017-04-24,79,3840,PE,48593,HN,122
4292091,2019-12-12,44,19852,VN,7216,CN,129
4292018,2019-02-20,73,17807,US,21651,CN,163
4292039,2019-05-29,81,47471,PH,34927,PH,182
4292076,2017-09-16,58,30658,FR,24482,CN,200
4292042,2017-05-19,57,32817,PT,15810,TH,167
4292040,2019-07-21,38,35750,PH,44216,CN,128
4292074,2017-04-17,56,26505,US,24587,PL,174
4292051,2017-11-19,48,40446,CN,25142,PT,183
4292052,2019-03-13,14,14611,ID,49956,US,130
4292062,2017-09-14,50,18745,GR,44539,RU,161
4292029,2018-02-06,56,42233,FR,46274,ID,179
4292056,2019-05-09,24,33573,PS,38900,CN,120
4292065,2019-04-04,23,3943,CN,25950,VE,139
4292013,2018-08-27,37,9316,PH,34317,CN,145
4292032,2017-01-26,68,658,AL,20259,UY,158
4292027,2018-08-08,42,22160,GU,15802,CZ,172
4292027,2019-02-09,50,28629,PH,6346,ID,115
4292033,2017-10-09,97,28392,US,1781,TH,194
4292060,2018-03-21,22,19278,CN,14655,JP,188
4292074,2019-04-25,76,4989,MD,1955,ID,130
4292082,2019-03-20,80,26281,AR,32239,PH,166
4292034,2017-01-04,71,33042,AR,19270,ZA,157
4292052,2019-03-15,93,28561,KP,36796,FR,188
4292012,2019-05-06,21,23614,PH,39306,CZ,112
4292082,2019-10-28,9,37397,US,37327,CZ,121
4292003,2017-07-07,69,42705,CN,33208,ZA,200
4292050,2019-06-04,45,3799,ME,2499,KE,195
4292044,2018-12-02,28,40211,FI,18138,ZA,168
4292049,2019-10-10,66,7500,ID,2824,CN,188
4292046,2017-04-08,32,12804,BO,43464,CU,184
4292070,2018-06-22,81,46516,UA,44599,RU,174
4292089,2018-11-25,78,38746,AR,5006,PL,199
4292089,2018-07-04,31,18788,CO,19410,KR,168
4292027,2018-08-03,25,40207,RU,35562,PH,188
4292035,2018-12-24,69,5751,PE,7619,PL,136
4292083,2017-12-21,84,3799,CN,4023,IR,164
4292081,2019-07-02,57,14617,PL,37182,PT,101
4292087,2019-07-05,95,43482,CN,48105,KP,153
4292072,2018-02-01,31,32430,SE,6819,CN,158
4292028,2017-05-11,51,11614,MX,49724,US,175
4292052,2018-10-10,17,42438,MX,28007,RU,163
4292087,2017-11-08,35,32532,SY,42476,RU,114
4292036,2018-08-25,72,49643,UA,26253,ID,134
4292092,2017-10-30,65,46757,AM,33209,BS,197
4292013,2019-03-10,13,19042,DO,33021,AR,163
4292097,2018-12-24,22,11140,PT,1970,UA,149
4292003,2017-01-17,98,47521,VN,25026,VN,164
4292076,2017-12-25,37,48473,EC,21715,BA,162
4292009,2017-09-16,93,10578,CN,18241,MK,188
4292030,2018-09-28,38,21487,ID,14933,PH,136
4292031,2017-05-05,24,36701,ZA,1436,ID,179
4292007,2018-10-29,74,18966,FR,5284,CN,147
4292002,2017-10-26,8,3272,BJ,41037,DO,119
4292081,2019-05-06,71,33588,CN,41259,UG,180
4292087,2018-01-27,80,39098,CN,32949,UZ,166
4292003,2018-02-04,67,16809,ID,18237,PT,169
4292038,2018-01-06,7,41935,PL,39515,RU,180
4292081,2017-01-07,16,35281,CN,8718,ID,121
4292042,2019-09-13,96,264,BJ,28809,PH,194
4292064,2019-10-19,97,4034,SE,2897,PH,119
4292048,2019-11-12,3,21588,CN,29689,PE,185
4292063,2019-05-03,16,7869,CN,19582,BI,134
4292051,2017-12-19,7,28567,CN,44977,ID,162
4292063,2018-10-27,28,6494,CZ,41139,BA,135
4292005,2018-04-21,77,24099,PE,4581,JP,197
4292075,2019-03-04,17,43589,MX,28921,PL,194
4292074,2019-06-21,8,22911,ID,4270,ID,166
4292094,2019-07-26,3,40835,ID,39523,CN,140
4292010,2018-07-09,60,12318,CN,10204,CN,104
4292073,2017-10-08,93,40773,IR,34169,PH,155
4292059,2018-05-18,3,11486,VE,38216,LU,184
4292013,2017-05-10,31,46235,AR,32038,PT,193
4292055,2017-11-08,24,1042,PH,28484,US,107
4292097,2018-11-13,37,30865,AR,29090,CA,161
4292039,2018-04-25,36,12303,RU,38001,NL,180
4292093,2019-12-09,60,20907,DK,49447,RU,126
4292039,2017-11-14,9,3421,FR,22185,CN,131
4292024,2019-06-25,23,48678,CN,20535,ZA,177
4292056,2019-01-20,11,2257,CN,19589,CN,186
4292076,2017-02-23,61,2210,TH,31031,CN,191
4292074,2019-06-19,21,30010,ID,11175,CN,112
4292055,2018-02-05,58,3482,RU,42504,CO,116
4292038,2017-05-06,42,30026,US,5912,RU,105
4292011,2019-07-22,48,39291,HR,8219,FR,130
4292045,2018-06-08,85,14219,ID,47949,BD,160
4292009,2019-02-25,99,28470,CL,41554,RU,182
4292100,2017-05-11,80,12989,ID,3301,BR,136
4292008,2017-06-11,95,3836,RU,48029,MN,191
4292043,2019-05-20,80,21094,MU,19494,CL,184
4292055,2018-06-12,69,38514,HN,47859,ZW,115
4292020,2017-12-22,95,15646,GR,33673,PH,176
4292091,2019-03-30,1,18503,CN,9936,PT,165
4292068,2018-02-18,74,4260,CN,6781,PE,192
4292068,2019-03-26,13,17139,CN,45151,CN,195
4292095,2019-12-17,55,15729,CA,11378,CN,161
4292059,2017-10-03,14,10786,NP,11059,CN,165
4292070,2017-12-18,96,18479,MX,44086,AM,126
4292078,2019-07-26,65,18351,PL,48449,EE,124
4292077,2018-08-21,42,44289,TH,36312,FI,189
4292055,2019-09-01,3,31844,CN,47893,AR,144
4292055,2018-04-19,33,2481,US,45888,JP,115
4292064,2018-12-09,65,41171,VN,9894,MA,160
4292054,2018-03-20,68,14205,RU,24195,UA,169
4292059,2018-09-18,60,28715,SE,15023,BR,118
4292047,2018-01-27,96,36110,PL,8571,KZ,117
4292011,2018-03-11,45,7533,BR,22669,ID,178
4292081,2019-12-16,71,9031,PT,39866,UG,181
4292090,2018-05-27,93,10943,CN,6452,PA,140
4292086,2017-10-28,91,43294,NZ,9367,CN,128
4292007,2019-02-05,80,32142,GT,14651,GT,154
4292041,2017-06-06,6,34470,CO,47429,FR,131
4292074,2017-06-13,54,37582,FR,21309,BR,188
4292076,2019-01-30,69,13910,TH,31503,IQ,138
4292058,2018-08-19,57,48606,ID,7291,PT,164
4292048,2018-05-01,41,933,RU,37892,CN,165
4292048,2017-11-23,47,4303,ID,3428,GM,150
4292009,2017-08-12,11,13006,PT,13111,HN,142
4292035,2018-10-01,82,7757,BR,16844,CN,139
4292022,2017-01-04,83,30375,ID,43973,AR,117
4292012,2019-07-08,90,31546,US,33809,ID,152
4292059,2018-03-18,73,10214,CN,36526,PH,149
4292096,2018-03-23,84,2431,GB,16011,FR,177
4292051,2017-11-29,17,7516,PH,23549,MY,200
4292097,2017-04-18,20,36172,UA,19379,GT,150
4292042,2019-12-12,79,45204,US,12750,VN,134
4292029,2017-02-07,57,1907,CN,34370,TH,103
4292045,2017-08-13,92,41819,PT,16687,BD,179
4292033,2018-06-19,69,45687,SE,34265,ID,103
4292044,2019-03-23,85,5924,CN,10431,FR,141
4292072,2019-03-05,84,29320,BR,37906,PT,148
4292012,2019-10-24,1,6670,ID,2655,CN,173
4292094,2018-12-28,98,16020,PL,44515,CN,102
4292096,2019-08-15,71,28406,ID,32644,ID,187
4292011,2018-03-04,77,46978,FI,3882,CZ,136
4292025,2018-07-10,76,15131,ID,8721,BR,105
4292088,2017-05-12,79,9817,CA,24722,AM,185
4292054,2019-07-01,36,40969,BR,17471,CN,163
4292017,2017-04-29,43,45695,UZ,18973,GR,118
4292015,2019-06-18,35,2364,CN,3226,CN,195
4292041,2019-10-09,90,29361,DE,26036,PH,159
4292076,2018-07-02,61,23407,PY,39710,CN,145
4292037,2017-07-08,34,21772,CN,39700,CN,154
4292052,2018-05-06,55,16550,GB,9079,IR,199
4292072,2019-05-12,79,15204,FR,42451,SE,120
4292047,2018-12-16,81,36366,MG,11058,CN,149
4292048,2018-10-04,12,13121,AZ,28996,PH,127
4292094,2018-07-24,90,10731,BR,29029,HU,199
4292035,2017-02-28,47,38231,PH,5758,FI,113
4292069,2018-03-03,41,8112,SE,45504,CN,148
4292017,2019-04-27,89,13485,JP,44083,ID,139
4292083,2019-04-15,59,21000,FR,12814,CN,181
4292071,2017-05-30,63,2289,VN,17515,ID,117
4292032,2018-04-13,35,11944,VE,4619,MA,165
4292030,2017-01-21,64,24021,CN,43770,NG,170
4292010,2017-01-01,1,12508,CG,31424,VN,146
4292063,2017-12-07,31,9856,JM,47558,KR,112
4292084,2017-08-26,39,44761,NL,16396,CN,124
4292095,2019-06-27,64,26226,CZ,11909,PH,179
4292019,2018-08-18,21,1919,GT,11040,BR,188
4292067,2017-09-24,12,2972,ID,11232,IR,162
4292028,2018-03-05,17,26753,PH,9569,CN,150
