out_acc_num,totalriskyamount,net_worth,credit_score,ratio_cash_deposits,ratio_cash_withdrawals,ratio_incoming_international,ratio_outgoing_international,label
1,101158,0.6307,5,0.8783,0.9655,0.1237,0.0515,1
2,135844,0.298,2,0.5017,0.1522,0.2071,0.8561,1
3,305498,0.7077,3,0.4522,0.2631,0.2738,0.6835,0
4,101067,0.3204,10,0.1411,0.9505,0.4031,0.9288,1
5,286812,0.5441,2,0.8034,0.6351,0.4313,0.0898,0
6,127048,0.4309,9,0.2171,0.4054,0.7909,0.7351,0
7,156257,0.1587,6,0.7624,0.0721,0.4927,0.4897,1
8,474989,0.2722,4,0.5489,0.2891,0.2949,0.9566,0
9,349600,0.7457,7,0.4667,0.317,0.0912,0.4794,0
10,203470,0.201,5,0.5289,0.1032,0.0744,0.1933,0
11,216549,0.6135,3,0.0522,0.4029,0.1183,0.811,0
12,390962,0.4889,3,0.5732,0.1031,0.2647,0.2724,0
13,66740,0.7804,1,0.9454,0.2668,0.1727,0.2903,1
14,334822,0.1735,2,0.9299,0.3364,0.68,0.4531,1
15,163244,0.5173,6,0.8704,0.8338,0.9534,0.7894,0
16,68134,0.7238,6,0.4592,0.2247,0.6578,0.9581,0
17,194404,0.0345,8,0.1096,0.1831,0.2004,0.5235,1
18,249307,0.1946,4,0.2194,0.326,0.3264,0.2237,0
19,418223,0.1876,1,0.6031,0.177,0.4524,0.311,1
20,471481,0.1049,9,0.0811,0.06,0.0637,0.5447,1
21,285372,0.3953,9,0.4622,0.7722,0.4124,0.6839,1
22,249304,0.5272,6,0.9886,0.6117,0.2917,0.6397,1
23,406159,0.9437,5,0.3108,0.5724,0.779,0.8286,1
24,278964,0.836,7,0.3458,0.7956,0.1745,0.9221,0
25,200173,0.1425,6,0.6845,0.2858,0.9034,0.7612,0
26,287306,0.922,2,0.6224,0.7669,0.3224,0.1478,0
27,250202,0.9241,6,0.4284,0.5153,0.0265,0.3833,1
28,117514,0.7073,8,0.4587,0.9283,0.7623,0.7691,0
29,47510,0.2295,7,0.4215,0.382,0.785,0.5442,0
30,429068,0.3075,8,0.7669,0.3216,0.8306,0.0971,1
31,239825,0.3861,3,0.9746,0.1274,0.7328,0.005,0
32,123891,0.0536,5,0.9761,0.3502,0.5619,0.9934,0
33,450499,0.4499,4,0.7045,0.1815,0.3896,0.6935,1
34,232039,0.5453,4,0.3584,0.5313,0.1005,0.8122,0
35,369050,0.3743,3,0.1532,0.959,0.5661,0.0252,1
36,418033,0.1873,6,0.5355,0.7125,0.6721,0.9581,1
37,201929,0.4854,5,0.9045,0.0573,0.5878,0.7948,0
38,47063,0.4228,8,0.094,0.9102,0.6999,0.9596,1
39,292857,0.6922,8,0.3662,0.5339,0.9041,0.6665,0
40,205873,0.2943,5,0.7841,0.4018,0.5034,0.1283,1
41,471594,0.1929,8,0.5605,0.6949,0.8031,0.0573,1
42,95441,0.869,4,0.9113,0.8064,0.1284,0.8669,0
43,385271,0.5847,6,0.1369,0.4274,0.2857,0.158,1
44,86481,0.0396,7,0.2552,0.5644,0.2481,0.4366,0
45,213055,0.9217,9,0.1139,0.9533,0.06,0.9432,1
46,239586,0.5516,4,0.5729,0.101,0.6888,0.8366,1
47,80593,0.9568,4,0.9088,0.608,0.6193,0.8837,1
48,466408,0.1734,10,0.809,0.7014,0.9016,0.62,0
49,422946,0.607,10,0.1162,0.4437,0.2361,0.0487,1
50,93949,0.0219,3,0.5881,0.0542,0.455,0.1593,1
51,216018,0.1003,10,0.3468,0.7001,0.7709,0.7354,0
52,435358,0.1705,5,0.5174,0.893,0.2318,0.1603,0
53,405239,0.8732,9,0.6611,0.4558,0.4226,0.8111,1
54,267272,0.5258,5,0.2542,0.9992,0.7864,0.2691,0
55,151753,0.4881,9,0.5716,0.3184,0.9436,0.613,0
56,384408,0.873,6,0.0471,0.0398,0.7873,0.1625,1
57,120896,0.1917,4,0.5394,0.8526,0.8603,0.8449,1
58,392300,0.47,7,0.5045,0.9932,0.1198,0.2121,0
59,284830,0.1481,3,0.3928,0.586,0.0721,0.0938,1
60,315187,0.603,3,0.951,0.7236,0.2071,0.194,1
61,387583,0.6341,3,0.4418,0.6691,0.9084,0.9306,0
62,107469,0.2717,7,0.623,0.9032,0.039,0.6784,1
63,240910,0.7829,2,0.2164,0.441,0.4091,0.2678,0
64,248533,0.9517,9,0.189,0.7225,0.1424,0.0762,1
65,380767,0.4888,10,0.035,0.8429,0.246,0.9457,0
66,201045,0.8026,10,0.9198,0.9353,0.3199,0.6008,1
67,122161,0.3637,8,0.6779,0.4941,0.8311,0.8643,0
68,369340,0.4794,4,0.3512,0.5944,0.6602,0.9263,0
69,127378,0.6461,3,0.2629,0.6852,0.6997,0.4339,0
70,284605,0.8112,6,0.7818,0.7189,0.2287,0.1443,1
71,460151,0.7273,1,0.2825,0.2479,0.1485,0.4804,0
72,52043,0.1666,4,0.8012,0.9756,0.5646,0.8712,0
73,210965,0.9373,6,0.3427,0.0444,0.0191,0.2942,0
74,377744,0.3227,3,0.5394,0.3726,0.8396,0.353,0
75,478609,0.0769,4,0.2814,0.2695,0.6051,0.3134,0
76,68930,0.9212,6,0.8713,0.4511,0.6132,0.9481,1
77,134925,0.4143,5,0.3742,0.0504,0.0385,0.9146,0
78,340498,0.667,7,0.1217,0.508,0.7849,0.2088,0
79,54630,0.0149,10,0.5165,0.1192,0.7006,0.4285,0
80,379287,0.1191,3,0.2827,0.8111,0.3628,0.2476,1
81,254921,0.3956,8,0.1489,0.7524,0.363,0.1764,1
82,397231,0.3721,7,0.1666,0.6251,0.1086,0.511,1
83,212636,0.7914,7,0.3683,0.2657,0.2638,0.7856,1
84,316982,0.1702,8,0.909,0.4698,0.5528,0.1954,1
85,136859,0.0401,6,0.4334,0.8953,0.6156,0.4111,0
86,49495,0.4606,3,0.5336,0.2318,0.1661,0.7452,0
87,195859,0.5204,3,0.1371,0.8921,0.9032,0.6422,1
88,69323,0.646,2,0.3235,0.4206,0.3814,0.4791,0
89,31862,0.0343,3,0.5455,0.6394,0.0186,0.4125,1
90,70722,0.7651,3,0.4263,0.2721,0.629,0.3362,1
91,475782,0.3746,4,0.3095,0.6803,0.0784,0.163,1
92,31616,0.1245,8,0.6864,0.0053,0.4107,0.5302,0
93,401419,0.1042,8,0.6998,0.1675,0.1052,0.6161,1
94,162060,0.4601,9,1,0.5978,0.1309,0.2614,1
95,421864,0.1275,1,0.4425,0.9112,0.3334,0.6329,1
96,84232,0.0119,10,0.2519,0.512,0.9211,0.2932,0
97,296606,0.478,3,0.6786,0.8089,0.2936,0.8742,1
98,432563,0.1281,8,0.1204,0.2909,0.9816,0.1193,0
99,262487,0.9636,8,0.3743,0.3095,0.9967,0.2257,1
100,495259,0.3469,8,0.1991,0.3443,0.9654,0.1775,0
101,154163,0.7511,2,0.4929,0.0121,0.2845,0.0508,0
102,235386,0.1929,9,0.0633,0.4588,0.5906,0.1661,0
103,225059,0.3658,4,0.6704,0.4504,0.2473,0.6935,0
104,301024,0.9094,1,0.8082,0.4022,0.9505,0.313,1
105,422389,0.2156,8,0.9865,0.9901,0.3309,0.6862,1
106,390602,0.0168,6,0.9078,0.8805,0.205,0.9586,0
107,61781,0.3073,7,0.3439,0.3827,0.4033,0.9449,1
108,431087,0.5896,4,0.4335,0.8588,0.177,0.7685,0
109,130704,0.7357,3,0.7645,0.1311,0.5464,0.8034,1
110,116772,0.238,8,0.4788,0.5914,0.4188,0.5543,1
111,220958,0.0203,1,0.5289,0.0073,0.0132,0.8288,1
112,253337,0.5318,4,0.5098,0.5756,0.3036,0.2617,1
113,344406,0.1402,7,0.6664,0.7429,0.9449,0.8701,0
114,455413,0.8336,6,0.1834,0.3812,0.6499,0.8406,0
115,106461,0.6462,10,0.8771,0.9179,0.957,0.2353,1
116,272212,0.4302,6,0.8957,0.5411,0.4596,0.4121,1
117,43236,0.9128,7,0.4674,0.6512,0.7895,0.5149,0
118,271890,0.2829,4,0.3273,0.2231,0.7458,0.2037,1
119,362970,0.3189,7,0.9556,0.3801,0.9937,0.2009,0
120,448881,0.5387,1,0.2342,0.7523,0.5489,0.7303,1
121,178165,0.3478,1,0.742,0.4975,0.8896,0.213,0
122,171795,0.4541,8,0.9942,0.2541,0.2928,0.6861,0
123,425732,0.6302,4,0.5204,0.031,0.4803,0.2496,1
124,482957,0.3419,8,0.8041,0.4012,0.9303,0.7772,1
125,39594,0.7919,3,0.0582,0.0386,0.8043,0.6839,0
126,239877,0.6951,5,0.3557,0.153,0.99,0.0687,0
127,108214,0.8067,9,0.1005,0.4397,0.0819,0.322,0
128,234976,0.2398,9,0.439,0.7367,0.7378,0.1419,0
129,429984,0.438,5,0.577,0.0692,0.7048,0.3487,1
130,450247,0.3063,3,0.0055,0.6329,0.5609,0.9272,0
131,358669,0.054,2,0.1691,0.7221,0.5345,0.3895,1
132,458691,0.6736,1,0.2434,0.7,0.4823,0.3908,1
133,139378,0.3975,10,0.2892,0.7483,0.651,0.3928,1
134,77856,0.9462,5,0.3397,0.6983,0.0823,0.064,0
135,286777,0.6684,5,0.0202,0.8035,0.1107,0.3858,0
136,272921,0.2009,7,0.1488,0.5319,0.8918,0.5923,0
137,225678,0.441,9,0.7334,0.3379,0.5286,0.6848,0
138,44294,0.5237,8,0.6739,0.0898,0.3357,0.9116,1
139,325558,0.2483,2,0.3976,0.2856,0.1778,0.4178,0
140,407697,0.4027,9,0.038,0.6476,0.1978,0.5634,1
141,242176,0.7908,3,0.5531,0.3366,0.3889,0.8284,1
142,194888,0.2655,10,0.9056,0.4317,0.228,0.3758,0
143,490913,0.6969,2,0.9831,0.024,0.949,0.1275,0
144,364781,0.2439,10,0.0314,0.6163,0.5609,0.2822,1
145,395732,0.4245,10,0.7521,0.2354,0.5942,0.5767,0
146,191223,0.1587,6,0.5691,0.8438,0.4193,0.8464,0
147,384123,0.5955,10,0.7335,0.338,0.5486,0.9707,0
148,119016,0.6717,10,0.8686,0.5636,0.5896,0.6424,1
149,414142,0.788,10,0.3572,0.117,0.7202,0.3707,0
150,211552,0.0683,10,0.1831,0.4833,0.7858,0.1107,0
151,119144,0.1547,8,0.4752,0.7936,0.3232,0.6809,1
152,178920,0.0624,1,0.6033,0.7701,0.4497,0.9806,1
153,361827,0.2131,4,0.129,0.7415,0.3486,0.5864,0
154,435085,0.4028,10,0.0487,0.0824,0.5272,0.8166,1
155,85982,0.0383,8,0.2428,0.6421,0.4343,0.7009,0
156,432972,0.3907,6,0.5219,0.4917,0.59,0.944,0
157,164495,0.0429,6,0.6735,0.0075,0.1256,0.4805,0
158,174428,0.191,4,0.6614,0.6144,0.1664,0.1051,0
159,143488,0.8168,10,0.7595,0.2715,0.3306,0.8381,0
160,469465,0.3542,10,0.3515,0.9553,0.1476,0.4403,0
161,316110,0.7526,7,0.096,0.408,0.019,0.0286,0
162,60708,0.438,7,0.3663,0.3333,0.6279,0.1524,0
163,301082,0.2982,9,0.2867,0.9704,0.1793,0.9865,0
164,252678,0.4228,6,0.0478,0.169,0.1808,0.8611,1
165,65808,0.4855,4,0.0369,0.2149,0.7854,0.0055,1
166,419736,0.4549,4,0.0525,0.7908,0.2637,0.5823,0
167,418441,0.233,5,0.7394,0.3183,0.2587,0.6955,1
168,107420,0.7966,8,0.4836,0.366,0.1818,0.9257,0
169,59620,0.2119,8,0.9696,0.0045,0.3588,0.8601,1
170,450899,0.78,7,0.9833,0.6525,0.2634,0.5063,0
171,405155,0.7846,7,0.53,0.1743,0.9403,0.7571,0
172,316453,0.921,6,0.6564,0.4903,0.4248,0.8589,1
173,93351,0.2299,1,0.6646,0.3133,0.12,0.5093,1
174,147015,0.1589,2,0.8056,0.4923,0.4953,0.2255,1
175,149447,0.2676,3,0.5808,0.7757,0.7339,0.2645,1
176,157483,0.9081,8,0.156,0.1353,0.8601,0.4109,1
177,194009,0.158,4,0.4417,0.0231,0.8494,0.7837,1
178,107431,0.6652,1,0.5116,0.3897,0.9438,0.736,0
179,287141,0.8746,6,0.0154,0.5882,0.1732,0.8341,1
180,328890,0.9486,4,0.1362,0.6027,0.9705,0.7489,0
181,282992,0.9088,2,0.214,0.3272,0.4348,0.3943,0
182,458664,0.8753,10,0.0895,0.6798,0.4863,0.0606,1
183,204883,0.0635,9,0.3293,0.2515,0.5431,0.4908,0
184,149053,0.5484,8,0.5604,0.3435,0.9367,0.7518,1
185,52202,0.89,6,0.2802,0.284,0.0793,0.2911,1
186,58409,0.8331,4,0.0123,0.0277,0.5248,0.0703,1
187,238799,0.4236,10,0.2232,0.9221,0.7135,0.2107,0
188,396913,0.4,7,0.7564,0.2522,0.291,0.0745,1
189,288901,0.9561,3,0.3605,0.0992,0.3549,0.5552,1
190,427329,0.5394,3,0.4673,0.9482,0.4855,0.2375,0
191,399246,0.9664,7,0.1957,0.8349,0.6068,0.3773,0
192,443450,0.9146,9,0.2475,0.4775,0.3803,0.7108,0
193,463516,0.0637,7,0.4317,0.6091,0.996,0.6461,0
194,85822,0.3186,7,0.3295,0.7473,0.8674,0.349,1
195,151654,0.9448,8,0.5676,0.9881,0.8824,0.4792,1
196,476229,0.7436,4,0.1658,0.6622,0.9714,0.7553,1
197,277369,0.9524,9,0.8426,0.9236,0.7948,0.0812,0
198,59248,0.614,8,0.8206,0.0796,0.1191,0.8307,1
199,400883,0.5074,4,0.1169,0.5083,0.848,0.0034,1
200,193208,0.0662,6,0.03,0.1418,0.0557,0.0626,0
201,225075,0.4884,10,0.1558,0.0443,0.3711,0.4396,1
202,361673,0.2815,10,0.2783,0.8961,0.4478,0.6749,1
203,241751,0.2896,2,0.4431,0.0042,0.5694,0.7326,0
204,191514,0.0263,9,0.0876,0.4818,0.0721,0.2324,1
205,421413,0.9975,9,0.405,0.6423,0.2326,0.3684,0
206,499005,0.1319,4,0.8845,0.216,0.0064,0.9037,1
207,425641,0.4591,1,0.2499,0.7847,0.8832,0.6063,0
208,38182,0.7535,3,0.4766,0.467,0.1739,0.1134,1
209,132248,0.5376,3,0.1699,0.4544,0.9372,0.983,1
210,186612,0.9654,4,0.9259,0.2193,0.4329,0.862,1
211,319580,0.5933,3,0.9194,0.6549,0.1859,0.8958,1
212,371726,0.0803,10,0.8528,0.6541,0.9677,0.7134,0
213,88552,0.5005,2,0.2457,0.617,0.7276,0.8977,1
214,193417,0.7739,1,0.0407,0.6949,0.2652,0.637,0
215,443427,0.4477,4,0.3835,0.0134,0.1528,0.0383,0
216,58708,0.2323,2,0.666,0.5269,0.7443,0.8895,1
217,120767,0.5163,2,0.7073,0.7455,0.1092,0.692,1
218,488227,0.6779,7,0.1184,0.0552,0.8253,0.8451,0
219,316218,0.299,2,0.3927,0.1322,0.9782,0.7152,0
220,172560,0.5863,10,0.0357,0.0534,0.4006,0.676,0
221,119015,0.4581,2,0.9361,0.3447,0.7584,0.5791,1
222,489393,0.1529,3,0.7571,0.8798,0.7391,0.8154,0
223,441315,0.6324,6,0.3918,0.7232,0.6927,0.372,0
224,391551,0.0079,8,0.0589,0.6635,0.8558,0.6112,1
225,477005,0.2852,2,0.5117,0.8437,0.0436,0.8351,0
226,459766,0.674,10,0.226,0.7436,0.5032,0.8161,1
227,248855,0.6349,5,0.5846,0.7829,0.0627,0.2028,1
228,105109,0.2373,10,0.0094,0.3885,0.32,0.7229,0
229,210771,0.4878,8,0.0059,0.4372,0.9784,0.348,1
230,43132,0.8772,10,0.1631,0.6965,0.277,0.3848,0
231,480843,0.2345,3,0.6616,0.3909,0.5358,0.7205,1
232,468848,0.7361,5,0.5573,0.77,0.4274,0.6873,0
233,245069,0.3435,5,0.0416,0.0837,0.1087,0.8913,0
234,43561,0.03,6,0.8418,0.1367,0.5203,0.7347,1
235,311518,0.0978,5,0.7217,0.3079,0.7525,0.7459,1
236,445078,0.4316,10,0.395,0.7902,0.542,0.7177,0
237,319904,0.4723,7,0.7107,0.6816,0.338,0.5387,0
238,138307,0.8841,1,0.2595,0.3909,0.0106,0.8382,1
239,485773,0.9619,7,0.229,0.9739,0.4656,0.0707,1
240,474209,0.8483,7,0.007,0.9997,0.544,0.9505,0
241,387226,0.7007,6,0.2023,0.7202,0.174,0.717,0
242,182017,0.0373,8,0.2557,0.8617,0.2756,0.4242,1
243,120535,0.3203,3,0.0978,0.2442,0.9465,0.0132,1
244,178718,0.3394,10,0.1347,0.126,0.3164,0.3833,0
245,78547,0.9882,4,0.728,0.141,0.5214,0.766,1
246,220369,0.5107,5,0.6789,0.2137,0.6612,0.4935,1
247,143412,0.3043,4,0.6646,0.7253,0.2038,0.8284,1
248,482179,0.2323,7,0.1887,0.683,0.2003,0.0551,1
249,153642,0.8785,2,0.0702,0.0304,0.0074,0.9048,1
250,109838,0.018,5,0.183,0.8082,0.9923,0.5188,0
251,112731,0.0584,2,0.1286,0.0167,0.156,0.1506,0
252,277398,0.7746,7,0.4814,0.7315,0.7369,0.5332,1
253,443732,0.6368,5,0.7747,0.5337,0.7689,0.1455,0
254,164218,0.7136,6,0.5586,0.9624,0.4904,0.571,0
255,134242,0.2884,8,0.8779,0.9209,0.8701,0.6514,1
256,159370,0.4118,1,0.1877,0.2989,0.1705,0.0522,1
257,175660,0.3849,9,0.475,0.4223,0.4031,0.0284,1
258,98088,0.238,2,0.953,0.948,0.2286,0.4929,1
259,408993,0.8122,6,0.9723,0.0174,0.3736,0.774,0
260,404754,0.8387,3,0.997,0.971,0.3314,0.3732,0
261,287219,0.3429,4,0.9457,0.3149,0.5983,0.131,0
262,428477,0.3548,1,0.4369,0.6415,0.7316,0.5468,1
263,174447,0.1281,4,0.1797,0.0679,0.0483,0.7002,1
264,183094,0.1107,3,0.4022,0.2029,0.0795,0.6072,0
265,34961,0.7558,2,0.4732,0.141,0.5173,0.5623,1
266,402978,0.5164,3,0.5666,0.7969,0.1865,0.2525,1
267,331446,0.065,10,0.0579,0.9591,0.2666,0.6718,1
268,51905,0.6394,1,0.6156,0.0415,0.6113,0.731,1
269,42897,0.6208,6,0.0212,0.1545,0.9283,0.1427,0
270,311339,0.5775,1,0.5142,0.3121,0.6549,0.1878,1
271,370599,0.6178,3,0.6975,0.4386,0.3879,0.5979,0
272,356930,0.0035,1,0.7941,0.1774,0.4431,0.7689,0
273,340484,0.1063,8,0.4902,0.2359,0.3125,0.7708,0
274,473548,0.8812,5,0.5383,0.5998,0.6751,0.1148,0
275,419643,0.41,7,0.5013,0.3038,0.4693,0.6073,0
276,96368,0.2502,7,0.1576,0.0382,0.8473,0.9609,0
277,455467,0.6005,5,0.2472,0.5546,0.9499,0.3491,1
278,294985,0.5751,6,0.2958,0.6234,0.1251,0.8786,0
279,406876,0.5632,6,0.4927,0.7537,0.8247,0.2166,0
280,432882,0.5695,7,0.428,0.3148,0.307,0.4245,1
281,499134,0.5233,9,0.6361,0.5583,0.3984,0.9623,0
282,195110,0.9307,8,0.8277,0.0206,0.4591,0.5001,0
283,482814,0.9991,4,0.4801,0.6266,0.1042,0.4819,0
284,334309,0.1706,2,0.9091,0.9802,0.4825,0.041,1
285,215544,0.0057,7,0.5949,0.5291,0.8515,0.1933,1
286,205338,0.355,1,0.4413,0.8101,0.22,0.4704,1
287,443711,0.5076,6,0.3626,0.2325,0.6885,0.7863,1
288,214849,0.0021,4,0.634,0.9435,0.4823,0.9631,0
289,95265,0.0179,9,0.9231,0.1884,0.7029,0.1808,1
290,231734,0.7907,9,0.1444,0.3839,0.2153,0.5215,1
291,244542,0.8938,7,0.8241,0.489,0.493,0.0644,0
292,89292,0.0983,8,0.235,0.565,0.6274,0.7885,1
293,231369,0.8331,10,0.2999,0.0566,0.6458,0.5778,1
294,95937,0.7872,5,0.9548,0.6342,0.0152,0.4796,1
295,254555,0.9459,4,0.0435,0.155,0.1776,0.5109,1
296,494007,0.0098,9,0.9477,0.9437,0.3824,0.4605,0
297,468396,0.6065,3,0.8488,0.4216,0.9151,0.9776,1
298,49074,0.2772,7,0.526,0.8997,0.0059,0.3691,1
299,276867,0.9867,7,0.0606,0.1056,0.3601,0.9989,1
300,116913,0.7692,1,0.6276,0.1758,0.8299,0.7086,1
301,240244,0.6293,3,0.8439,0.1314,0.2595,0.9592,0
302,165499,0.5225,7,0.2929,0.783,0.3926,0.0305,0
303,293495,0.7037,3,0.0651,0.5033,0.6225,0.9989,0
304,139067,0.591,7,0.3732,0.6519,0.8723,0.1769,1
305,77283,0.6671,9,0.8683,0.672,0.0759,0.8439,1
306,152565,0.5872,3,0.7043,0.7625,0.1655,0.6173,0
307,267605,0.053,8,0.8862,0.9106,0.063,0.6263,1
308,40286,0.3578,8,0.9523,0.2431,0.9629,0.4439,1
309,154872,0.6145,1,0.7181,0.948,0.8019,0.8542,1
310,349027,0.4116,4,0.1973,0.6046,0.3956,0.1826,1
311,139215,0.2602,7,0.5939,0.6726,0.2328,0.4351,0
312,107232,0.1524,7,0.0895,0.8393,0.4109,0.2041,1
313,419514,0.2451,5,0.3796,0.2534,0.6837,0.274,1
314,54004,0.4622,10,0.4799,0.1672,0.8765,0.5969,1
315,447591,0.9756,1,0.0797,0.5579,0.5929,0.8322,0
316,449652,0.1821,10,0.1947,0.7088,0.9936,0.4825,0
317,419039,0.8085,8,0.1405,0.0758,0.2546,0.0577,0
318,387231,0.205,6,0.0783,0.0083,0.3252,0.6464,0
319,133500,0.0243,4,0.5694,0.7059,0.2827,0.395,0
320,476992,0.1153,9,0.4636,0.7708,0.1736,0.9194,1
321,174124,0.2489,1,0.5927,0.4119,0.2082,0.6938,1
322,231449,0.5124,10,0.6199,0.4367,0.3562,0.557,0
323,96215,0.1019,9,0.0908,0.1208,0.3334,0.818,1
324,318964,0.4784,1,0.0826,0.631,0.4139,0.1677,0
325,151235,0.9887,9,0.1379,0.4534,0.2714,0.8012,1
326,164915,0.4832,3,0.1684,0.8444,0.3503,0.8273,1
327,377681,0.262,3,0.1952,0.7773,0.6179,0.1907,0
328,340903,0.6745,10,0.8371,0.1089,0.018,0.3558,0
329,479959,0.2493,9,0.104,0.6124,0.7118,0.3202,0
330,225903,0.4825,10,0.497,0.5226,0.6544,0.484,1
331,469935,0.5368,8,0.3344,0.0105,0.8547,0.9178,1
332,426161,0.9077,3,0.0389,0.7273,0.4222,0.2535,0
333,351629,0.4889,2,0.771,0.6204,0.4567,0.6297,1
334,139777,0.835,8,0.4053,0.268,0.4436,0.6564,1
335,234090,0.2788,1,0.6218,0.2871,0.8689,0.2317,0
336,168106,0.3769,9,0.4632,0.6463,0.432,0.9987,1
337,187989,0.6844,7,0.9008,0.1817,0.5465,0.8235,0
338,415605,0.1791,1,0.6816,0.8594,0.4165,0.1801,1
339,264778,0.9082,7,0.1985,0.2205,0.387,0.1327,1
340,344196,0.3641,9,0.9498,0.3373,0.1306,0.6857,0
341,108120,0.8099,2,0.5149,0.1368,0.0587,0.8873,0
342,491652,0.7708,7,0.5377,0.3514,0.6183,0.5786,1
343,340426,0.5241,9,0.1719,0.5209,0.1224,0.6631,0
344,476644,0.2608,8,0.7014,0.9604,0.0228,0.6723,1
345,338819,0.1295,8,0.8802,0.2582,0.648,0.7632,0
346,99609,0.7314,10,0.8181,0.5443,0.8866,0.386,0
347,332445,0.6876,4,0.2252,0.3899,0.8723,0.7995,0
348,397198,0.895,4,0.7113,0.8645,0.2561,0.8618,1
349,90610,0.112,10,0.9758,0.5727,0.319,0.8749,0
350,264108,0.0615,7,0.382,0.6499,0.8838,0.3934,0
351,418747,0.6198,4,0.8531,0.1159,0.17,0.6529,1
352,82067,0.626,10,0.5695,0.9141,0.7524,0.5804,0
353,117161,0.9845,5,0.5314,0.2092,0.9709,0.2817,1
354,300017,0.6252,1,0.0711,0.455,0.6245,0.9458,1
355,126264,0.7928,5,0.8217,0.7176,0.5965,0.2774,1
356,273283,0.6686,3,0.7398,0.98,0.8496,0.2742,0
357,498489,0.0858,10,0.4277,0.664,0.5651,0.4381,0
358,270069,0.0342,6,0.5219,0.1131,0.6981,0.7996,0
359,489459,0.6823,9,0.4272,0.0268,0.169,0.4058,1
360,367987,0.5944,10,0.9132,0.4284,0.8139,0.3473,0
361,114902,0.0076,9,0.1189,0.1498,0.5755,0.4117,1
362,111554,0.9036,10,0.7426,0.6334,0.7296,0.676,0
363,430827,0.0014,1,0.3251,0.1895,0.8334,0.6496,1
364,61773,0.9331,3,0.4074,0.6908,0.3381,0.4595,0
365,395272,0.0759,10,0.1708,0.6473,0.7875,0.9491,1
366,151197,0.548,4,0.7847,0.6403,0.9898,0.0206,0
367,423232,0.9725,4,0.1621,0.098,0.2252,0.4382,0
368,190550,0.6879,7,0.591,0.5534,0.6252,0.0313,0
369,342300,0.4234,9,0.602,0.1618,0.7491,0.127,1
370,307565,0.6658,8,0.4105,0.7482,0.1443,0.1787,0
371,233609,0.1783,1,0.4965,0.6166,0.47,0.021,0
372,471597,0.5973,7,0.7964,0.7395,0.7559,0.2244,1
373,340988,0.0606,6,0.1665,0.0748,0.5118,0.3557,0
374,271399,0.0099,4,0.2417,0.8549,0.4625,0.4521,1
375,235234,0.3165,3,0.0336,0.5892,0.5846,0.1472,0
376,380419,0.5322,7,0.3824,0.8388,0.7156,0.0185,1
377,127941,0.2848,6,0.8692,0.8544,0.0333,0.9059,1
378,413246,0.4487,2,0.3993,0.3191,0.5647,0.0671,1
379,281301,0.8796,7,0.1587,0.4767,0.5498,0.674,1
380,400053,0.5053,8,0.7319,0.7319,0.0332,0.8987,1
381,383875,0.9538,8,0.0973,0.768,0.4167,0.1693,0
382,414327,0.775,10,0.0739,0.7453,0.4896,0.8118,1
383,347725,0.543,4,0.6564,0.9789,0.6799,0.8463,1
384,63957,0.0983,3,0.3318,0.989,0.6255,0.83,1
385,271118,0.8493,5,0.8049,0.5284,0.609,0.1311,0
386,372117,0.7711,7,0.0288,0.0082,0.8095,0.5825,0
387,330870,0.5984,7,0.5623,0.2733,0.1778,0.643,1
388,216171,0.8301,7,0.2021,0.3379,0.3412,0.5788,1
389,91504,0.3226,3,0.2893,0.2646,0.548,0.8764,0
390,84896,0.1061,1,0.8383,0.0041,0.0967,0.2283,0
391,369251,0.5156,7,0.7238,0.0348,0.1383,0.6083,1
392,486341,0.8595,1,0.3252,0.4786,0.996,0.4007,0
393,370835,0.1669,9,0.5129,0.0276,0.0957,0.0054,1
394,360687,0.7197,7,0.3703,0.307,0.0885,0.1742,0
395,442081,0.0348,9,0.6691,0.6533,0.4258,0.8752,1
396,316351,0.4634,2,0.0611,0.7552,0.239,0.6136,0
397,349852,0.935,8,0.8055,0.9403,0.7194,0.136,1
398,175732,0.3961,7,0.4201,0.1565,0.6025,0.8637,0
399,142498,0.5203,7,0.3468,0.9091,0.4565,0.6623,0
400,234271,0.8679,10,0.1092,0.325,0.1799,0.4645,1
401,407461,0.6667,3,0.1457,0.9588,0.1873,0.4101,0
402,334496,0.7557,3,0.0661,0.7958,0.1746,0.7554,0
403,48333,0.9779,4,0.8233,0.8863,0.9198,0.5293,1
404,327964,0.3041,1,0.8558,0.7469,0.4119,0.2303,0
405,496651,0.8558,7,0.9574,0.3587,0.2117,0.5285,1
406,465146,0.7988,5,0.1756,0.2408,0.5464,0.7694,1
407,45408,0.6183,6,0.2668,0.5093,0.8298,0.3239,0
408,225954,0.0397,9,0.6344,0.9312,0.8857,0.4762,1
409,362943,0.8928,3,0.1303,0.9164,0.2507,0.7262,0
410,273825,0.3595,5,0.3677,0.3693,0.4053,0.0321,1
411,151558,0.7834,7,0.7613,0.9385,0.7039,0.3808,1
412,498600,0.38,4,0.4772,0.7515,0.7244,0.0713,1
413,409809,0.5996,5,0.7214,0.1143,0.2074,0.6773,0
414,349391,0.2029,5,0.8371,0.567,0.5893,0.9922,0
415,384803,0.777,4,0.6881,0.8629,0.8002,0.2389,0
416,368747,0.536,3,0.696,0.4402,0.0019,0.1716,0
417,232657,0.5477,3,0.6749,0.8522,0.5586,0.6377,0
418,116595,0.7926,10,0.0191,0.2903,0.9937,0.2727,0
419,490169,0.0205,6,0.1987,0.7616,0.2426,0.2256,1
420,457916,0.1107,8,0.217,0.0511,0.6624,0.8584,1
421,431032,0.7797,2,0.4304,0.3351,0.1258,0.6205,1
422,490035,0.1842,10,0.6434,0.4058,0.8362,0.9405,1
423,397941,0.3254,7,0.0915,0.4977,0.2218,0.1064,0
424,205679,0.3753,6,0.9497,0.0382,0.576,0.3759,0
425,321241,0.082,7,0.7478,0.8636,0.019,0.1778,1
426,487591,0.9699,9,0.8658,0.7209,0.9056,0.0696,1
427,479924,0.5439,9,0.3081,0.585,0.4752,0.4838,1
428,87922,0.0725,9,0.7721,0.7772,0.2303,0.4626,1
429,108534,0.1197,9,0.7632,0.3868,0.97,0.5856,0
430,418439,0.1347,2,0.0086,0.2368,0.3102,0.677,0
431,133177,0.0529,7,0.2046,0.9571,0.955,0.342,1
432,300240,0.0592,5,0.0693,0.5502,0.4841,0.9396,0
433,274476,0.6062,9,0.6656,0.4819,0.8763,0.4236,1
434,232461,0.9364,7,0.3487,0.6592,0.4983,0.8228,1
435,468413,0.1476,3,0.2391,0.2349,0.6521,0.1696,1
436,337581,0.1949,6,0.8164,0.1724,0.3,0.3234,1
437,425983,0.5104,1,0.9523,0.6651,0.8563,0.4513,0
438,470551,0.9172,4,0.8498,0.7421,0.3126,0.2663,0
439,105058,0.2834,5,0.3197,0.7638,0.2419,0.1173,1
440,278306,0.7827,5,0.7171,0.3336,0.984,0.2055,1
441,191029,0.3984,3,0.6476,0.0506,0.2589,0.4484,0
442,389413,0.9208,5,0.7317,0.6682,0.509,0.2942,1
443,290087,0.5712,3,0.0687,0.7683,0.509,0.6803,1
444,490888,0.3009,3,0.8658,0.6692,0.3155,0.1483,0
445,156502,0.2658,9,0.1955,0.4729,0.9782,0.1772,0
446,125093,0.7658,3,0.0483,0.7432,0.687,0.9416,0
447,318689,0.1262,9,0.4496,0.2887,0.3614,0.7144,0
448,201891,0.1672,4,0.5577,0.9345,0.1368,0.7694,1
449,160235,0.349,7,0.3906,0.7993,0.2495,0.6467,0
450,394045,0.6265,5,0.4267,0.9958,0.4713,0.1729,1
451,57599,0.14,2,0.619,0.823,0.3005,0.6507,0
452,456974,0.2229,10,0.4624,0.3851,0.7913,0.6294,0
453,388913,0.8684,4,0.688,0.5674,0.3096,0.5165,0
454,156233,0.7856,6,0.633,0.0598,0.0249,0.0964,1
455,57552,0.2526,10,0.0203,0.3514,0.37,0.9105,1
456,483756,0.8162,8,0.8045,0.7119,0.3871,0.6351,1
457,373221,0.1562,5,0.7412,0.7876,0.1938,0.0133,0
458,227705,0.9624,9,0.152,0.8141,0.3746,0.4765,0
459,263463,0.1548,10,0.115,0.3679,0.7362,0.1549,1
460,261336,0.7912,4,0.3417,0.4503,0.399,0.4076,0
461,372674,0.0955,3,0.8906,0.0899,0.6349,0.9255,1
462,58490,0.0472,2,0.1475,0.1391,0.7384,0.1641,1
463,414250,0.3726,4,0.4591,0.905,0.8008,0.2409,1
464,186990,0.8437,1,0.0728,0.7211,0.0987,0.0034,0
465,381456,0.6698,2,0.5925,0.6803,0.8849,0.671,1
466,464882,0.6376,7,0.6406,0.2314,0.7471,0.4036,0
467,186981,0.2278,10,0.9259,0.6574,0.2226,0.4814,1
468,418458,0.4135,10,0.1487,0.2237,0.8485,0.5973,1
469,118203,0.5898,3,0.0908,0.3537,0.4517,0.0572,0
470,391258,0.3006,4,0.7243,0.78,0.026,0.522,0
471,449879,0.2913,6,0.458,0.7997,0.405,0.1495,1
472,275929,0.0605,7,0.1532,0.3605,0.1602,0.269,1
473,55120,0.9479,10,0.8458,0.8201,0.8121,0.4946,1
474,111537,0.4546,3,0.886,0.5192,0.7504,0.7857,1
475,490298,0.0255,4,0.4998,0.2883,0.4568,0.0404,1
476,257507,0.5892,6,0.1283,0.8535,0.4347,0.4632,1
477,190498,0.1481,1,0.1625,0.0948,0.5416,0.7701,0
478,488391,0.5068,1,0.1802,0.0573,0.2413,0.8593,1
479,174459,0.4814,7,0.6824,0.3446,0.0718,0.0686,1
480,178488,0.2073,6,0.9326,0.5195,0.972,0.5482,0
481,122359,0.7055,2,0.7162,0.7106,0.819,0.383,1
482,218009,0.5004,5,0.7824,0.7081,0.507,0.5935,0
483,103744,0.1829,7,0.4749,0.3892,0.3188,0.3587,1
484,221607,0.8933,7,0.012,0.8434,0.617,0.4394,1
485,498449,0.5661,6,0.8959,0.8195,0.1025,0.146,0
486,485907,0.4696,5,0.0828,0.6523,0.677,0.3884,1
487,232298,0.0596,9,0.0788,0.882,0.3673,0.6903,1
488,292474,0.1384,4,0.9634,0.8707,0.8991,0.0178,0
489,489094,0.2077,1,0.3411,0.1776,0.8058,0.8376,0
490,34163,0.7377,1,0.7243,0.0336,0.0996,0.5303,1
491,161220,0.522,1,0.6901,0.5668,0.9504,0.6015,1
492,326840,0.4739,9,0.8673,0.6226,0.3227,0.5014,1
493,159396,0.1744,4,0.322,0.0037,0.2837,0.8723,0
494,180897,0.4689,1,0.5411,0.965,0.0684,0.0901,1
495,281264,0.7387,6,0.4336,0.0022,0.1173,0.9684,1
496,170632,0.644,10,0.858,0.4171,0.4534,0.383,0
497,314140,0.4666,7,0.7352,0.1187,0.2845,0.2054,0
498,282114,0.8385,7,0.9026,0.9834,0.1092,0.2586,1
499,229802,0.3478,2,0.6212,0.0928,0.0058,0.6704,1
500,97513,0.4981,9,0.9609,0.6279,0.5205,0.5658,1
501,154358,0.647,1,0.3202,0.5136,0.4826,0.9022,1
502,420156,0.0477,4,0.0016,0.5502,0.8898,0.6229,0
503,174799,0.7906,9,0.7634,0.4859,0.4749,0.565,1
504,495618,0.1023,6,0.3219,0.6272,0.8143,0.5245,0
505,441969,0.9626,4,0.4994,0.2972,0.3254,0.8775,1
506,248172,0.2441,7,0.1702,0.121,0.4355,0.2166,0
507,105556,0.8723,10,0.3749,0.8116,0.6181,0.2512,0
508,397468,0.7762,9,0.5139,0.6501,0.9305,0.6622,0
509,206458,0.1141,3,0.1873,0.9437,0.0182,0.7272,0
510,368592,0.3728,7,0.4452,0.041,0.6859,0.2991,1
511,56927,0.255,9,0.8196,0.9042,0.1703,0.4627,0
512,177183,0.3393,3,0.2318,0.5737,0.0556,0.4518,1
513,392904,0.125,5,0.2351,0.4566,0.7545,0.6849,0
514,247996,0.7604,9,0.326,0.5176,0.379,0.1747,1
515,449241,0.5193,8,0.714,0.8255,0.6176,0.9102,0
516,473146,0.2825,4,0.4276,0.7008,0.3058,0.0386,1
517,185279,0.7284,9,0.4754,0.2101,0.483,0.9498,0
518,276937,0.04,4,0.5815,0.5095,0.9117,0.0804,0
519,121637,0.8031,3,0.2265,0.3582,0.7859,0.8988,1
520,190834,0.0853,10,0.4359,0.922,0.2295,0.5012,0
521,319740,0.2911,4,0.047,0.3544,0.8913,0.5123,1
522,446916,0.505,9,0.1731,0.2172,0.9413,0.9111,1
523,248528,0.5936,6,0.6247,0.2491,0.3474,0.2911,0
524,471082,0.9029,4,0.5417,0.954,0.3005,0.635,1
525,194764,0.5351,2,0.4916,0.3186,0.1998,0.8705,0
526,174403,0.0566,1,0.0507,0.608,0.7308,0.6456,1
527,284623,0.9878,5,0.7126,0.8935,0.6797,0.0738,0
528,424303,0.6647,3,0.6548,0.7505,0.2375,0.3807,0
529,276778,0.2832,6,0.2773,0.1265,0.3726,0.6481,0
530,465535,0.7742,10,0.4138,0.9744,0.3787,0.6233,1
531,79193,0.2352,6,0.2585,0.6978,0.9482,0.8027,0
532,149353,0.1959,1,0.1677,0.2044,0.4539,0.466,0
533,317440,0.186,6,0.1513,0.6218,0.3116,0.0724,0
534,198602,0.622,10,0.6801,0.148,0.3104,0.4656,0
535,363129,0.2066,7,0.7391,0.3084,0.3093,0.3326,1
536,44152,0.8933,8,0.6611,0.6177,0.1836,0.2157,1
537,311668,0.3924,5,0.7077,0.7335,0.6024,0.9515,0
538,454577,0.307,1,0.068,0.193,0.7622,0.8873,0
539,272389,0.2267,7,0.2998,0.8674,0.6579,0.2228,0
540,363823,0.3399,3,0.9445,0.3709,0.6403,0.3785,1
541,141143,0.0554,2,0.4069,0.0499,0.8888,0.1137,0
542,156457,0.2925,1,0.4071,0.6267,0.8173,0.1594,1
543,202138,0.6633,6,0.9431,0.1095,0.9928,0.2772,0
544,90270,0.8763,8,0.0163,0.224,0.3311,0.9935,0
545,218610,0.4943,7,0.4537,0.0784,0.9447,0.6647,0
546,206743,0.8826,1,0.9934,0.0065,0.1996,0.524,1
547,296708,0.0066,1,0.6141,0.1676,0.897,0.7823,0
548,52733,0.4416,9,0.3457,0.9091,0.5572,0.1091,0
549,155314,0.8499,2,0.3782,0.446,0.7572,0.7531,1
550,168765,0.8682,8,0.3072,0.7962,0.4708,0.0146,0
551,300196,0.1759,2,0.3571,0.3366,0.3898,0.0655,1
552,42462,0.4914,8,0.6475,0.6438,0.3389,0.9473,0
553,40197,0.018,4,0.5237,0.3481,0.1962,0.329,0
554,447432,0.8564,2,0.6726,0.8071,0.1877,0.8475,0
555,478550,0.0625,3,0.76,0.796,0.9405,0.9447,1
556,272757,0.8797,3,0.4791,0.5067,0.8845,0.0876,0
557,153091,0.7127,2,0.5695,0.7989,0.3185,0.6595,1
558,200540,0.0492,6,0.4536,0.4795,0.8471,0.0357,0
559,144742,0.4893,8,0.3116,0.661,0.659,0.3986,0
560,41442,0.101,9,0.0086,0.3662,0.1109,0.7,0
561,373133,0.3968,1,0.9125,0.7674,0.9332,0.6068,0
562,40305,0.7984,7,0.9101,0.879,0.6818,0.6504,1
563,163177,0.9761,7,0.7583,0.8056,0.7609,0.2024,1
564,257952,0.1413,8,0.7852,0.8797,0.5832,0.2011,1
565,367293,0.547,10,0.9367,0.0923,0.2885,0.1025,0
566,85009,0.2421,6,0.8833,0.6116,0.5591,0.5706,1
567,404743,0.6499,8,0.9057,0.4443,0.8028,0.0884,0
568,58398,0.449,6,0.8876,0.9871,0.532,0.8159,1
569,92668,0.6865,7,0.814,0.4224,0.6232,0.2115,1
570,456710,0.1422,5,0.3008,0.4248,0.1966,0.3713,0
571,114736,0.9743,1,0.2406,0.8903,0.1744,0.2073,1
572,32394,0.8324,1,0.3746,0.2443,0.2538,0.7376,1
573,453403,0.9533,3,0.8142,0.1886,0.4729,0.665,1
574,493014,0.6117,2,0.1594,0.8038,0.3098,0.3704,0
575,388809,0.7295,3,0.8926,0.6911,0.4498,0.4138,0
576,328715,0.6205,3,0.1347,0.8674,0.9186,0.5659,1
577,38410,0.1747,10,0.1307,0.4273,0.9351,0.1546,0
578,246353,0.8983,5,0.2629,0.2552,0.6323,0.9547,0
579,373726,0.7427,6,0.0305,0.7835,0.5034,0.6837,0
580,221874,0.3269,4,0.2998,0.7098,0.0223,0.9708,0
581,109792,0.2933,1,0.8009,0.41,0.2199,0.1812,1
582,467145,0.4859,8,0.0017,0.8146,0.1044,0.6619,1
583,382436,0.9715,5,0.2751,0.6282,0.6064,0.8574,0
584,254190,0.0106,10,0.0328,0.6147,0.472,0.9543,1
585,486951,0.4439,5,0.3267,0.9331,0.9589,0.9233,0
586,330255,0.4436,8,0.9077,0.9021,0.5406,0.8341,1
587,97219,0.725,1,0.1933,0.7115,0.9494,0.7402,0
588,330713,0.1068,9,0.9709,0.0525,0.1589,0.3418,0
589,447819,0.5896,7,0.0141,0.2886,0.254,0.9754,0
590,131205,0.5464,6,0.7257,0.5483,0.6385,0.2749,0
591,362632,0.1313,8,0.6894,0.8394,0.4476,0.779,1
592,37062,0.4333,1,0.7846,0.0928,0.3552,0.6861,0
593,124536,0.5127,1,0.4819,0.8962,0.1548,0.1698,0
594,231396,0.9417,8,0.5796,0.7916,0.5079,0.3996,0
595,440413,0.524,9,0.7405,0.226,0.3798,0.0351,1
596,84433,0.0749,8,0.9187,0.0395,0.2165,0.1242,0
597,175715,0.6264,6,0.6973,0.7327,0.3242,0.8636,0
598,474891,0.4218,10,0.0517,0.2995,0.4457,0.6257,0
599,254902,0.7568,6,0.7566,0.599,0.8262,0.6003,1
600,249784,0.7035,10,0.7043,0.4854,0.5793,0.2653,0
601,489371,0.9456,10,0.174,0.1228,0.2064,0.5509,1
602,369443,0.0999,3,0.6688,0.986,0.6556,0.7015,0
603,173659,0.2847,6,0.7355,0.4102,0.0958,0.5673,0
604,392837,0.1989,3,0.2669,0.1832,0.3842,0.9164,1
605,280153,0.1227,2,0.4313,0.0903,0.6373,0.3787,0
606,30905,0.301,9,0.1535,0.4831,0.4081,0.7232,0
607,433899,0.2896,9,0.9847,0.8725,0.3237,0.0572,1
608,435074,0.3206,10,0.0382,0.7985,0.8994,0.3376,1
609,307458,0.6276,5,0.5452,0.0052,0.4555,0.6716,0
610,194253,0.6845,5,0.0736,0.951,0.3457,0.6781,0
611,380913,0.0341,9,0.7285,0.6972,0.2097,0.9916,0
612,387444,0.7302,3,0.6218,0.9257,0.4391,0.7004,0
613,43472,0.8937,3,0.6902,0.5707,0.0733,0.3467,0
614,407623,0.1139,4,0.696,0.7942,0.0376,0.1724,0
615,297508,0.275,9,0.7374,0.1524,0.2289,0.1061,0
616,375843,0.3301,3,0.8515,0.742,0.17,0.6261,1
617,370905,0.4059,5,0.6217,0.1077,0.6993,0.2065,0
618,413531,0.8054,4,0.2733,0.3662,0.766,0.7873,1
619,204354,0.8174,4,0.9099,0.4126,0.7153,0.105,1
620,272954,0.427,8,0.016,0.3536,0.3336,0.248,1
621,281662,0.9372,1,0.3262,0.3879,0.622,0.0499,0
622,315608,0.9402,9,0.8667,0.6343,0.2571,0.521,0
623,242676,0.7966,8,0.1762,0.3123,0.3836,0.5993,0
624,84322,0.2258,4,0.8185,0.6321,0.3418,0.1697,1
625,358641,0.6965,3,0.9621,0.4114,0.2512,0.5459,1
626,163490,0.59,6,0.9385,0.836,0.9265,0.9038,1
627,218974,0.3393,7,0.8498,0.7115,0.2793,0.4656,0
628,159581,0.9719,4,0.0999,0.0212,0.0707,0.5212,0
629,263310,0.8479,4,0.8886,0.9043,0.4926,0.1379,0
630,424137,0.9894,4,0.8402,0.3951,0.9228,0.9894,0
631,108949,0.66,7,0.1424,0.1542,0.7927,0.4842,0
632,487720,0.457,2,0.1027,0.8937,0.5455,0.4558,0
633,190991,0.8866,1,0.0519,0.369,0.0621,0.3096,0
634,43919,0.1533,6,0.1634,0.998,0.3959,0.9587,1
635,124743,0.6336,4,0.3761,0.6384,0.0023,0.5648,0
636,149764,0.8878,10,0.1056,0.2078,0.1124,0.5958,0
637,255867,0.513,4,0.3533,0.3182,0.5678,0.7183,0
638,54248,0.946,1,0.6032,0.671,0.6512,0.9533,1
639,138649,0.3824,2,0.5228,0.5098,0.6829,0.0474,1
640,49549,0.7619,6,0.8433,0.7441,0.4486,0.0644,1
641,274997,0.3887,5,0.638,0.2817,0.7888,0.8225,0
642,421358,0.1292,10,0.392,0.0598,0.8433,0.1286,0
643,152910,0.7657,4,0.4527,0.9493,0.425,0.8234,1
644,446151,0.3963,9,0.3253,0.6274,0.2214,0.5172,0
645,382894,0.9623,1,0.7422,0.7115,0.2312,0.3697,0
646,57983,0.0552,4,0.5943,0.2452,0.364,0.1342,0
647,193463,0.0373,2,0.323,0.4335,0.1319,0.6848,1
648,187376,0.9551,1,0.6876,0.7341,0.6195,0.635,0
649,131192,0.15,5,0.3947,0.7123,0.9366,0.6697,1
650,39108,0.4323,10,0.8225,0.7594,0.5813,0.4134,1
651,389969,0.9368,1,0.8356,0.0151,0.7348,0.5331,1
652,203601,0.1777,1,0.4957,0.0109,0.9221,0.4784,1
653,395413,0.6344,9,0.5305,0.9913,0.4497,0.04,1
654,137697,0.5843,9,0.067,0.8025,0.8754,0.1332,1
655,298810,0.8823,3,0.64,0.5872,0.3196,0.1927,0
656,133790,0.9769,4,0.0543,0.483,0.3423,0.1047,0
657,289966,0.2676,4,0.4332,0.8738,0.8449,0.5679,1
658,271206,0.2596,4,0.3531,0.7666,0.0455,0.3131,0
659,213130,0.5399,1,0.0524,0.8679,0.8149,0.214,1
660,433439,0.0542,5,0.1843,0.6933,0.0389,0.5487,0
661,488929,0.5075,9,0.2623,0.5575,0.9719,0.0775,1
662,107533,0.1732,7,0.1959,0.7383,0.7527,0.4687,1
663,399146,0.4812,3,0.447,0.6006,0.6644,0.5191,1
664,97593,0.6645,5,0.3328,0.4551,0.1761,0.6079,1
665,450459,0.2815,2,0.2657,0.9515,0.12,0.9818,1
666,265171,0.4969,1,0.57,0.603,0.298,0.2665,1
667,287466,0.9498,10,0.6479,0.616,0.6474,0.0535,0
668,312301,0.3722,7,0.5107,0.5862,0.4327,0.8303,0
669,286466,0.5211,9,0.4797,0.2807,0.1699,0.2978,1
670,425504,0.2084,6,0.7764,0.592,0.2885,0.2313,0
671,464182,0.4637,3,0.6525,0.6384,0.8661,0.2347,1
672,209718,0.731,7,0.5227,0.1109,0.6231,0.3602,1
673,339023,0.8818,7,0.5022,0.301,0.3629,0.8039,0
674,387704,0.4952,2,0.479,0.9475,0.9967,0.2449,0
675,73347,0.9719,6,0.2356,0.4541,0.9763,0.1592,1
676,129614,0.8351,10,0.7734,0.2473,0.5811,0.6478,1
677,100761,0.1137,1,0.8604,0.8059,0.5089,0.2029,1
678,393206,0.6398,3,0.7401,0.6842,0.4045,0.6444,1
679,411642,0.4764,3,0.6252,0.2912,0.5998,0.2894,0
680,407036,0.2647,3,0.9575,0.2412,0.6287,0.2613,1
681,195029,0.8906,10,0.218,0.8353,0.1968,0.5837,1
682,287773,0.0495,3,0.1708,0.8683,0.6176,0.7238,0
683,264197,0.1999,6,0.8996,0.0212,0.6921,0.532,1
684,200515,0.7396,1,0.1449,0.437,0.766,0.8905,1
685,120063,0.7153,6,0.1652,0.1563,0.5304,0.1543,1
686,62305,0.6403,4,0.6393,0.2001,0.281,0.3638,1
687,273971,0.5585,8,0.1623,0.5923,0.8372,0.1828,1
688,430403,0.8231,9,0.7866,0.3425,0.5921,0.4522,1
689,138531,0.0926,1,0.1473,0.8252,0.2053,0.8083,1
690,307134,0.1212,8,0.7629,0.788,0.7227,0.9272,0
691,475355,0.4602,6,0.9711,0.5235,0.6485,0.3313,0
692,30936,0.6115,2,0.1609,0.5643,0.3371,0.9164,0
693,159013,0.539,5,0.447,0.4237,0.5982,0.4643,0
694,266343,0.4973,4,0.2864,0.891,0.2272,0.5921,0
695,495070,0.7371,3,0.2246,0.4574,0.5737,0.2278,1
696,160725,0.2611,6,0.7577,0.5308,0.276,0.2125,1
697,175002,0.6162,6,0.2942,0.6135,0.2905,0.8045,0
698,172284,0.6821,1,0.4766,0.6198,0.4574,0.6519,1
699,498551,0.6328,8,0.6356,0.3508,0.8207,0.2588,1
700,376466,0.1058,10,0.1297,0.5566,0.498,0.516,1
701,372610,0.1946,6,0.2194,0.3555,0.5485,0.2171,0
702,380769,0.248,8,0.9929,0.5475,0.3285,0.2009,0
703,465037,0.2702,10,0.2956,0.6057,0.785,0.4715,0
704,497876,0.9538,6,0.2597,0.0173,0.5582,0.6634,1
705,34663,0.4558,5,0.2671,0.2259,0.1501,0.2355,1
706,221387,0.8065,9,0.2572,0.0443,0.7838,0.9487,0
707,162165,0.8169,7,0.8392,0.6572,0.5399,0.7018,0
708,201824,0.9849,10,0.2641,0.3836,0.0641,0.6082,1
709,434486,0.6183,6,0.3282,0.0541,0.0862,0.5083,0
710,63677,0.2646,8,0.5531,0.8969,0.7458,0.9786,0
711,64737,0.1491,3,0.8687,0.202,0.4929,0.9355,0
712,397109,0.3985,6,0.9201,0.5269,0.5377,0.5955,1
713,299242,0.6363,6,0.7801,0.1263,0.9594,0.5805,0
714,416535,0.8063,3,0.4415,0.0139,0.5303,0.4927,1
715,217127,0.0926,7,0.6865,0.0083,0.7148,0.6927,1
716,226058,0.2851,6,0.932,0.2849,0.1046,0.7668,0
717,259527,0.2115,6,0.0724,0.4039,0.6658,0.4864,1
718,453284,0.2185,6,0.7566,0.5384,0.9486,0.9897,0
719,78740,0.0578,7,0.605,0.5817,0.3278,0.6139,0
720,429764,0.8476,4,0.1196,0.9805,0.8246,0.4553,0
721,63591,0.9078,7,0.9728,0.6327,0.2782,0.9144,1
722,45905,0.7413,7,0.1142,0.3484,0.0414,0.8282,0
723,163858,0.9665,8,0.9335,0.1325,0.5008,0.9576,1
724,316400,0.0524,2,0.7284,0.7148,0.1172,0.979,1
725,394298,0.5687,6,0.2843,0.6413,0.9053,0.2128,0
726,148767,0.8772,2,0.8036,0.0166,0.1561,0.7607,0
727,228233,0.4186,8,0.2166,0.3053,0.66,0.6192,1
728,431513,0.3302,7,0.7655,0.1852,0.7396,0.0755,0
729,67273,0.4708,4,0.2691,0.5878,0.0359,0.6634,0
730,92663,0.6149,7,0.7397,0.9162,0.5294,0.195,0
731,388924,0.9527,4,0.9887,0.9296,0.2179,0.1288,0
732,93924,0.4983,10,0.3454,0.2832,0.7825,0.1424,1
733,121582,0.4691,7,0.5342,0.5788,0.9486,0.0101,1
734,320603,0.9558,1,0.4878,0.7092,0.6053,0.1747,1
735,59005,0.8514,9,0.5884,0.455,0.2734,0.5102,0
736,196802,0.3555,3,0.8795,0.62,0.0803,0.029,1
737,63986,0.2304,1,0.7513,0.8334,0.8007,0.745,1
738,482145,0.0681,8,0.8571,0.5166,0.5637,0.5756,1
739,63942,0.2157,7,0.3526,0.7356,0.4223,0.2084,1
740,253343,0.0124,6,0.2997,0.2212,0.3003,0.6405,0
741,370292,0.1894,2,0.5827,0.2072,0.0222,0.6037,1
742,213030,0.006,1,0.0646,0.585,0.5051,0.3749,0
743,99827,0.3067,3,0.8471,0.4882,0.6756,0.268,0
744,105718,0.2681,5,0.0849,0.6027,0.7724,0.0517,1
745,111556,0.6086,4,0.4501,0.8872,0.6344,0.4596,1
746,323983,0.3352,4,0.1312,0.4628,0.2265,0.4334,0
747,442268,0.567,7,0.114,0.3718,0.7832,0.4419,0
748,374162,0.2635,9,0.5982,0.1152,0.2976,0.4178,1
749,133522,0.2404,5,0.6026,0.6782,0.0707,0.157,1
750,288914,0.0576,4,0.7379,0.0638,0.8637,0.6699,1
751,269911,0.0856,10,0.6711,0.5045,0.4715,0.9056,1
752,348167,0.1499,5,0.4851,0.2642,0.0992,0.0729,0
753,486568,0.4761,4,0.2452,0.0053,0.4623,0.0409,0
754,265171,0.7643,5,0.064,0.5892,0.4987,0.4654,1
755,60031,0.7557,8,0.6079,0.5288,0.1479,0.9085,0
756,37985,0.8778,7,0.6072,0.7376,0.614,0.0223,0
757,170644,0.063,1,0.451,0.5161,0.8001,0.6379,1
758,401594,0.429,8,0.0046,0.6322,0.5733,0.2954,0
759,424458,0.3242,7,0.2603,0.9483,0.7247,0.9384,0
760,246466,0.6272,8,0.9387,0.2826,0.7389,0.5655,0
761,385277,0.7237,1,0.8028,0.6391,0.5573,0.6683,1
762,430821,0.3286,9,0.9198,0.3544,0.0611,0.8231,0
763,274009,0.2445,1,0.843,0.9541,0.9578,0.6326,0
764,365594,0.978,2,0.4354,0.4528,0.4619,0.5471,0
765,257434,0.045,2,0.7538,0.3392,0.8343,0.6594,0
766,341045,0.1863,5,0.4737,0.1881,0.0078,0.9508,1
767,214049,0.2894,2,0.7589,0.7344,0.3705,0.1434,1
768,37343,0.5581,3,0.0788,0.8396,0.9213,0.7596,1
769,378484,0.6931,1,0.4139,0.1906,0.8715,0.0429,1
770,316218,0.223,1,0.4386,0.308,0.039,0.5371,1
771,211488,0.222,7,0.7217,0.2915,0.0094,0.0747,1
772,81704,0.107,3,0.725,0.3338,0.0235,0.8334,1
773,174902,0.6993,6,0.1993,0.2734,0.872,0.9961,0
774,137041,0.7442,6,0.2236,0.443,0.8437,0.6607,0
775,214685,0.5249,5,0.3167,0.7915,0.0069,0.8751,0
776,410932,0.6183,1,0.6866,0.9076,0.1922,0.8714,0
777,489517,0.9249,2,0.6948,0.6313,0.7514,0.8147,0
778,323488,0.7009,6,0.3468,0.7753,0.4731,0.7122,0
779,154310,0.5611,4,0.7536,0.9876,0.7231,0.1443,0
780,268805,0.5981,10,0.5692,0.1577,0.9223,0.8372,0
781,282820,0.8126,3,0.4015,0.1498,0.4303,0.2328,0
782,495009,0.9721,7,0.6231,0.3085,0.2838,0.0778,1
783,344028,0.5273,10,0.8607,0.0244,0.4573,0.9316,1
784,473614,0.3226,3,0.0805,0.0528,0.2394,0.1685,0
785,455579,0.5888,1,0.6346,0.8942,0.0931,0.763,1
786,286344,0.5386,5,0.9231,0.0451,0.8246,0.0044,1
787,374267,0.7917,3,0.0325,0.837,0.6579,0.6942,0
788,48571,0.4081,5,0.8404,0.8502,0.0151,0.8857,1
789,491636,0.0294,10,0.9321,0.5002,0.7813,0.5888,1
790,302338,0.3363,5,0.1939,0.0848,0.2374,0.3355,0
791,69822,0.1191,10,0.5844,0.1618,0.542,0.1744,0
792,324382,0.1179,9,0.344,0.9753,0.5972,0.231,1
793,190500,0.0133,3,0.07,0.4841,0.1501,0.5957,1
794,309934,0.1525,8,0.9329,0.2686,0.5787,0.5666,1
795,449554,0.1976,2,0.6355,0.0091,0.0029,0.6036,0
796,403400,0.1368,2,0.8151,0.898,0.5922,0.2529,1
797,264879,0.1325,2,0.2188,0.2652,0.8966,0.8841,0
798,266904,0.6244,8,0.0253,0.966,0.845,0.2499,0
799,379373,0.9954,7,0.6444,0.2319,0.0551,0.1403,0
800,369986,0.4786,9,0.161,0.3027,0.9661,0.4267,1
801,58933,0.5661,6,0.3833,0.0064,0.2365,0.7698,0
802,203804,0.3572,3,0.0906,0.772,0.8133,0.7827,0
803,40180,0.6363,8,0.9963,0.3239,0.7492,0.298,1
804,327995,0.5457,4,0.2718,0.8656,0.4058,0.6806,1
805,123598,0.8267,6,0.5805,0.3256,0.66,0.68,1
806,129862,0.5146,7,0.8104,0.9818,0.0483,0.5997,1
807,334318,0.2807,1,0.6387,0.8895,0.3191,0.6043,0
808,180312,0.2775,7,0.9438,0.7063,0.1425,0.9712,0
809,359150,0.6157,3,0.7518,0.1215,0.3423,0.2089,0
810,168537,0.9476,2,0.0671,0.6436,0.1757,0.5104,1
811,229620,0.931,1,0.4924,0.666,0.11,0.8746,1
812,372083,0.7462,2,0.2143,0.1604,0.171,0.258,1
813,111222,0.0651,3,0.4513,0.8708,0.243,0.3318,1
814,348574,0.4401,1,0.5071,0.9388,0.1576,0.5958,1
815,188977,0.8434,9,0.0958,0.9659,0.6357,0.455,0
816,466309,0.5613,1,0.6121,0.1078,0.6009,0.5022,1
817,393095,0.7576,8,0.827,0.7335,0.4249,0.6144,0
818,372734,0.6846,9,0.2732,0.7051,0.0244,0.6514,1
819,422628,0.3092,9,0.3778,0.0358,0.4127,0.7813,0
820,198427,0.1858,5,0.1393,0.8949,0.2653,0.1498,0
821,384130,0.9372,5,0.5971,0.5832,0.267,0.9447,0
822,182306,0.8943,4,0.6631,0.2638,0.9624,0.8371,1
823,448643,0.0049,4,0.6213,0.8659,0.6628,0.0791,0
824,60465,0.9295,1,0.8946,0.1391,0.3697,0.6042,1
825,94770,0.8599,7,0.7584,0.9333,0.6604,0.1052,0
826,137454,0.7375,6,0.946,0.1665,0.0634,0.9101,1
827,39788,0.5927,8,0.6444,0.9898,0.8607,0.6375,1
828,380895,0.438,2,0.6693,0.3273,0.4866,0.6383,1
829,37187,0.7231,1,0.7916,0.3246,0.0908,0.6815,0
830,41705,0.964,3,0.9817,0.3684,0.2089,0.0025,0
831,162135,0.1133,4,0.9466,0.3329,0.6675,0.3751,0
832,165184,0.3595,1,0.2605,0.8606,0.4953,0.8814,1
833,103296,0.9819,1,0.2275,0.4486,0.4998,0.9331,0
834,251943,0.4449,10,0.0624,0.5361,0.5434,0.5152,0
835,202592,0.0321,6,0.567,0.57,0.2716,0.9825,1
836,342621,0.6605,7,0.336,0.5412,0.1589,0.4827,0
837,113336,0.955,1,0.3808,0.2242,0.5559,0.405,1
838,280876,0.2481,9,0.6592,0.7486,0.9193,0.8251,0
839,62393,0.8134,5,0.5849,0.7358,0.7241,0.936,0
840,356740,0.7684,5,0.9361,0.6422,0.8656,0.2667,1
841,375434,0.0282,2,0.7013,0.8653,0.0484,0.5196,1
842,162436,0.8181,4,0.7111,0.0226,0.4129,0.5869,0
843,336200,0.0835,8,0.0062,0.6496,0.3795,0.9398,0
844,96090,0.261,5,0.2243,0.8027,0.7427,0.095,0
845,397458,0.3161,6,0.008,0.907,0.5662,0.9568,1
846,408799,0.4643,4,0.1829,0.6944,0.2937,0.14,1
847,164496,0.794,1,0.8054,0.3216,0.163,0.9618,0
848,34265,0.5336,5,0.968,0.7267,0.6969,0.6305,0
849,316159,0.4244,7,0.7331,0.3166,0.4956,0.8934,1
850,283159,0.6424,9,0.4682,0.5546,0.4855,0.4875,1
851,498138,0.2967,9,0.8039,0.8608,0.0937,0.9393,0
852,243685,0.4839,9,0.1333,0.1915,0.8186,0.0058,0
853,254720,0.8006,10,0.3158,0.6932,0.9201,0.9107,0
854,248324,0.0295,7,0.7461,0.3513,0.798,0.5426,0
855,314100,0.7972,2,0.9025,0.6644,0.2739,0.6433,0
856,448361,0.8508,2,0.8003,0.1995,0.9567,0.9028,0
857,271586,0.5931,5,0.6686,0.9867,0.918,0.5458,1
858,107410,0.782,9,0.8084,0.1586,0.793,0.5252,1
859,283446,0.4333,6,0.1442,0.5662,0.2512,0.4673,0
860,289302,0.9901,2,0.8591,0.9474,0.4213,0.6305,0
861,215270,0.8378,5,0.4734,0.2615,0.0818,0.095,1
862,430492,0.0709,3,0.7314,0.9245,0.9252,0.3054,0
863,277272,0.3071,10,0.8303,0.5043,0.3336,0.8896,1
864,279002,0.774,10,0.975,0.297,0.6013,0.0435,0
865,326653,0.2446,6,0.716,0.1118,0.686,0.8884,0
866,246176,0.1469,9,0.0856,0.0574,0.0332,0.2593,0
867,446018,0.3445,9,0.3955,0.3301,0.8543,0.5125,0
868,364113,0.5939,7,0.2528,0.2772,0.2387,0.0277,0
869,101418,0.5216,10,0.9345,0.1597,0.6716,0.5056,0
870,251012,0.1328,8,0.5157,0.4061,0.3724,0.7104,1
871,441377,0.1343,4,0.5818,0.4205,0.7227,0.3883,0
872,107922,0.125,2,0.9197,0.0851,0.752,0.4785,1
873,360539,0.106,9,0.6974,0.5492,0.9774,0.2358,1
874,469957,0.9716,7,0.6495,0.3255,0.6111,0.7524,1
875,488378,0.6451,3,0.9294,0.4805,0.4876,0.3229,1
876,235235,0.4016,7,0.5306,0.4293,0.4653,0.2727,0
877,279528,0.088,5,0.4166,0.6242,0.9941,0.7846,1
878,115009,0.8918,1,0.3878,0.1569,0.2172,0.7359,0
879,287676,0.9929,7,0.4272,0.8709,0.9053,0.8141,0
880,275437,0.7911,1,0.5629,0.7321,0.4179,0.4311,0
881,75904,0.4294,1,0.114,0.7105,0.7714,0.0503,1
882,87967,0.6877,9,0.9579,0.9647,0.9624,0.7065,1
883,60616,0.3717,6,0.014,0.6275,0.5378,0.9504,0
884,203114,0.4956,1,0.4183,0.4515,0.3059,0.5607,1
885,356523,0.5074,9,0.6328,0.557,0.8932,0.2335,1
886,469694,0.0736,4,0.3892,0.3103,0.6639,0.3975,0
887,437989,0.2431,7,0.1208,0.1806,0.1343,0.4425,1
888,192112,0.8784,4,0.1334,0.5813,0.5697,0.5086,1
889,360488,0.9626,5,0.4472,0.0507,0.254,0.9426,1
890,334406,0.0225,2,0.1397,0.2082,0.9808,0.6342,1
891,486919,0.0263,10,0.5397,0.6062,0.7786,0.783,1
892,234550,0.6024,4,0.0411,0.0367,0.4779,0.0029,1
893,425772,0.3816,6,0.3403,0.7393,0.5489,0.818,1
894,230072,0.2044,2,0.1223,0.2182,0.9136,0.2389,1
895,66240,0.7295,9,0.6301,0.9486,0.4644,0.8372,1
896,450250,0.9698,8,0.7539,0.5227,0.7263,0.3859,1
897,129818,0.309,4,0.8855,0.573,0.862,0.8424,1
898,260778,0.9829,5,0.3416,0.0779,0.435,0.1827,0
899,268602,0.3928,10,0.454,0.9203,0.1106,0.6861,0
900,177777,0.1074,7,0.9665,0.7486,0.4123,0.3616,1
901,380990,0.5772,8,0.4268,0.6139,0.5196,0.863,1
902,59679,0.1782,1,0.5372,0.6747,0.053,0.6496,1
903,193070,0.2136,2,0.0278,0.1314,0.3511,0.3624,0
904,133603,0.3353,4,0.8259,0.5014,0.7246,0.3367,0
905,254458,0.8913,3,0.6142,0.5532,0.9214,0.1628,0
906,305781,0.8833,5,0.4671,0.1866,0.268,0.2525,0
907,194989,0.8903,5,0.2219,0.3711,0.9702,0.8985,1
908,74038,0.8423,3,0.1299,0.7648,0.2048,0.1974,1
909,349470,0.2292,8,0.9454,0.5457,0.4701,0.0643,0
910,280571,0.2719,7,0.6769,0.8574,0.6318,0.5385,1
911,459306,0.0274,5,0.4929,0.0252,0.5989,0.3185,0
912,276364,0.2329,2,0.3336,0.6477,0.4765,0.7885,1
913,206626,0.7699,6,0.6262,0.7998,0.7517,0.7208,0
914,355393,0.4002,1,0.6664,0.6652,0.3378,0.5948,1
915,359904,0.3161,8,0.968,0.243,0.3267,0.7986,0
916,419687,0.9339,8,0.3925,0.5575,0.0468,0.0276,0
917,129152,0.6749,3,0.0601,0.5815,0.2744,0.3634,1
918,209603,0.3489,5,0.515,0.5513,0.1888,0.7773,0
919,199211,0.5829,7,0.1741,0.7759,0.4702,0.9086,0
920,282873,0.8617,1,0.5643,0.261,0.3799,0.1878,1
921,268473,0.1034,2,0.0434,0.1321,0.168,0.1598,0
922,477946,0.823,8,0.8663,0.054,0.1415,0.6437,1
923,213032,0.4175,9,0.5714,0.6643,0.781,0.7939,0
924,460027,0.6975,5,0.6194,0.7649,0.6846,0.5782,0
925,175109,0.3719,10,0.1299,0.4211,1,0.7485,1
926,99668,0.0503,10,0.0586,0.8566,0.1724,0.5169,1
927,37764,0.4037,6,0.4031,0.5113,0.9403,0.411,1
928,375926,0.3079,10,0.8035,0.2557,0.1972,0.8541,1
929,322125,0.904,9,0.4852,0.5345,0.6832,0.6155,0
930,37299,0.0066,4,0.9689,0.4864,0.2379,0.654,0
931,280961,0.3237,2,0.6785,0.9414,0.5957,0.0348,1
932,478845,0.0026,3,0.9247,0.5341,0.9788,0.2323,0
933,224795,0.8516,10,0.2226,0.9241,0.2694,0.9083,1
934,384750,0.0163,4,0.4224,0.4365,0.8388,0.4426,0
935,485338,0.0984,4,0.7692,0.7458,0.3214,0.5602,0
936,395244,0.5746,3,0.844,0.1354,0.9728,0.786,0
937,265820,0.3656,5,0.8878,0.7221,0.7043,0.7683,0
938,111164,0.9874,1,0.7708,0.5292,0.3339,0.1683,0
939,258047,0.5114,6,0.7773,0.4132,0.5608,0.5767,1
940,276809,0.4922,9,0.5887,0.0086,0.0222,0.4361,0
941,296799,0.5318,9,0.584,0.9427,0.7793,0.8915,0
942,217707,0.095,4,0.2834,0.9487,0.9794,0.8121,0
943,284351,0.356,6,0.1449,0.8199,0.7792,0.6047,1
944,30083,0.4144,5,0.27,0.602,0.688,0.6818,0
945,92402,0.6047,4,0.6083,0.3983,0.4116,0.6348,1
946,261963,0.7383,6,0.1173,0.4415,0.2905,0.0715,0
947,119521,0.921,5,0.8129,0.8622,0.78,0.8109,1
948,98209,0.2118,1,0.9867,0.4929,0.5442,0.3368,0
949,422316,0.6479,8,0.4,0.2588,0.2834,0.8375,1
950,367234,0.2296,8,0.9583,0.8914,0.0503,0.2435,0
951,188359,0.8068,3,0.3056,0.4851,0.1776,0.1837,0
952,396767,0.0634,1,0.7395,0.728,0.7437,0.8712,0
953,236265,0.2361,5,0.8591,0.9574,0.0077,0.8681,0
954,223771,0.9069,4,0.8914,0.972,0.3562,0.8281,1
955,472697,0.2299,1,0.8511,0.0409,0.7931,0.2559,1
956,470008,0.6035,6,0.9174,0.843,0.6393,0.4005,1
957,109308,0.9021,8,0.6997,0.4499,0.4335,0.0882,1
958,463475,0.909,3,0.0367,0.7865,0.1385,0.0695,0
959,293904,0.661,4,0.3723,0.0414,0.5213,0.4594,1
960,244816,0.5118,4,0.5653,0.7226,0.2427,0.366,0
961,41238,0.8403,6,0.9871,0.4531,0.4192,0.4926,1
962,497920,0.787,8,0.5405,0.804,0.4426,0.2509,0
963,124903,0.9822,5,0.6314,0.7104,0.1767,0.6481,1
964,390657,0.7422,7,0.73,0.3186,0.7155,0.7937,0
965,319319,0.1022,10,0.5438,0.9493,0.733,0.1285,0
966,173533,0.094,6,0.2481,0.5752,0.4361,0.613,1
967,218704,0.6532,4,0.45,0.1401,0.4274,0.8281,0
968,364752,0.4271,4,0.2933,0.3797,0.6916,0.2105,0
969,307972,0.159,10,0.5307,0.1243,0.343,0.4546,0
970,96627,0.0862,4,0.9579,0.5512,0.108,0.2242,1
971,256185,0.2129,8,0.7536,0.3793,0.2981,0.3661,0
972,149452,0.2949,7,0.1218,0.389,0.9377,0.7783,1
973,395718,0.8524,2,0.5023,0.7215,0.8118,0.5369,0
974,36604,0.0663,3,0.1101,0.8165,0.0384,0.7901,1
975,220262,0.4809,10,0.1032,0.8455,0.2686,0.7346,0
976,324991,0.3187,8,0.8804,0.0899,0.8538,0.8175,0
977,265959,0.884,4,0.9436,0.0266,0.3765,0.9338,1
978,289280,0.4648,7,0.0242,0.9079,0.8169,0.2047,1
979,387531,0.1433,7,0.3331,0.8366,0.5193,0.6819,1
980,147543,0.4474,3,0.711,0.3388,0.8128,0.1117,0
981,38060,0.066,2,0.1998,0.3414,0.7315,0.4282,0
982,277624,0.8651,3,0.0716,0.8418,0.4438,0.6844,0
983,190877,0.5513,1,0.9033,0.397,0.2426,0.765,0
984,297653,0.113,7,0.9277,0.5224,0.6484,0.5187,0
985,426507,0.8874,9,0.6584,0.3335,0.2086,0.5421,1
986,134098,0.6489,2,0.7315,0.8761,0.3953,0.2512,1
987,313131,0.9103,2,0.8132,0.877,0.3964,0.1679,1
988,64952,0.6109,3,0.5714,0.5926,0.5774,0.0673,1
989,432608,0.7023,9,0.0868,0.8627,0.819,0.3747,1
990,478757,0.0828,1,0.8074,0.2315,0.6506,0.7599,0
991,141698,0.3864,4,0.8022,0.0827,0.6814,0.8292,0
992,53801,0.119,4,0.6889,0.2682,0.2217,0.8521,0
993,200916,0.4044,2,0.3452,0.0037,0.449,0.0143,0
994,168076,0.2773,1,0.8493,0.8603,0.4007,0.6192,1
995,234055,0.6543,6,0.877,0.7978,0.794,0.7226,1
996,444574,0.4629,5,0.5905,0.8003,0.6338,0.3092,1
997,357806,0.8608,10,0.1336,0.3892,0.1617,0.271,0
998,172786,0.7667,5,0.0733,0.0374,0.066,0.9669,1
999,307742,0.0581,5,0.0533,0.3905,0.9352,0.027,1
1000,197137,0.6911,1,0.6835,0.5605,0.6945,0.6887,1
