out_acc_num,no_of_out,distinct_no_of_out,sumout,net_worth,credit_score,ratio_cash_deposits,ratio_cash_withdrawals,ratio_incoming_international,ratio_outgoing_international,label
1,7,9,283413,0.2323,3,0.3489,0.1662,0.1502,0.693,1
2,12,13,178112,0.6172,7,0.3408,0.725,0.1419,0.6783,1
3,8,10,360922,0.0243,1,0.4927,0.8093,0.7432,0.0274,0
4,7,8,151162,0.0256,9,0.2661,0.8529,0.2279,0.0946,1
5,14,7,89198,0.7891,2,0.1447,0.0936,0.2058,0.6659,1
6,12,3,438850,0.7113,9,0.3878,0.5195,0.3514,0.1284,0
7,11,13,451618,0.9749,7,0.1154,0.6312,0.1681,0.6851,0
8,7,1,499613,0.438,6,0.2248,0.5408,0.6711,0.4008,0
9,1,10,231203,0.8953,8,0.0298,0.8073,0.9131,0.3222,0
10,11,4,198730,0.0012,1,0.7796,0.2841,0.3497,0.2615,1
11,9,8,320685,0.7475,9,0.0823,0.6943,0.7579,0.8524,0
12,1,3,171382,0.5427,2,0.9868,0.4948,0.8185,0.4126,0
13,1,2,269070,0.4538,3,0.8926,0.7074,0.1098,0.6451,0
14,6,7,229826,0.2192,9,0.8967,0.2221,0.1726,0.2458,1
15,5,9,156724,0.6409,6,0.0894,0.2239,0.6582,0.5719,1
16,1,11,335100,0.563,9,0.0283,0.4542,0.2693,0.8901,1
17,9,1,345830,0.3663,7,0.4867,0.9045,0.3312,0.4099,1
18,2,13,322867,0.424,7,0.9918,0.9034,0.4125,0.9561,1
19,5,7,96329,0.5825,10,0.4605,0.3835,0.0513,0.0569,0
20,9,9,293087,0.8876,9,0.1013,0.1497,0.7668,0.9447,1
21,4,1,427076,0.1233,5,0.6302,0.2972,0.7568,0.2175,0
22,9,1,263390,0.3828,3,0.2988,0.2222,0.7768,0.9943,1
23,1,1,491197,0.7051,5,0.7824,0.8628,0.3781,0.8525,0
24,6,9,106407,0.2077,2,0.3845,0.5789,0.7839,0.3681,0
25,1,9,253101,0.207,8,0.6654,0.8678,0.58,0.29,0
26,7,3,64359,0.538,7,0.9232,0.1778,0.6536,0.5298,1
27,14,8,203983,0.8239,8,0.7939,0.0479,0.5199,0.8256,0
28,6,5,250122,0.9902,8,0.5149,0.1115,0.8731,0.0115,1
29,9,9,93991,0.357,6,0.37,0.5815,0.4054,0.9991,1
30,3,4,36876,0.7454,3,0.8634,0.4514,0.2507,0.0599,0
31,4,13,180283,0.7816,3,0.8014,0.2991,0.1661,0.2723,0
32,13,1,462435,0.7726,8,0.0011,0.5676,0.431,0.0881,1
33,12,12,272662,0.7318,1,0.9925,0.8663,0.8718,0.5559,0
34,14,8,450986,0.8191,4,0.959,0.7954,0.3991,0.8364,0
35,1,13,307108,0.6864,9,0.273,0.3129,0.989,0.2821,1
36,2,2,240543,0.166,8,0.2745,0.8833,0.3976,0.6332,0
37,15,5,438422,0.0826,6,0.6104,0.7144,0.5987,0.7134,1
38,12,12,317845,0.3387,4,0.2227,0.9915,0.7736,0.8964,0
39,11,4,176669,0.1423,9,0.219,0.8339,0.2071,0.3813,0
40,15,7,412669,0.4578,6,0.1148,0.9988,0.3107,0.4921,1
41,12,12,152507,0.3993,10,0.2775,0.9617,0.2514,0.277,1
42,2,9,283488,0.7894,2,0.7614,0.1646,0.7682,0.0461,1
43,12,12,453292,0.9215,9,0.8846,0.1903,0.5689,0.1769,1
44,1,3,55162,0.9184,2,0.2357,0.3737,0.5144,0.343,1
45,13,6,487578,0.6411,2,0.9865,0.9017,0.0866,0.7386,0
46,12,3,141953,0.5646,2,0.1452,0.2516,0.1359,0.4141,0
47,6,8,407206,0.6211,3,0.5208,0.288,0.2344,0.4899,0
48,12,2,465184,0.1639,2,0.8672,0.5239,0.7917,0.4719,0
49,5,1,169229,0.3129,6,0.2383,0.721,0.4292,0.6189,1
50,13,12,226685,0.7012,1,0.8257,0.0075,0.321,0.8581,0
51,11,8,294901,0.2348,9,0.0678,0.549,0.431,0.0471,1
52,10,4,149546,0.0367,2,0.0765,0.0754,0.3514,0.0709,1
53,10,9,108220,0.9609,5,0.6905,0.0886,0.9386,0.4232,1
54,12,7,185828,0.265,1,0.6251,0.5234,0.9674,0.9924,1
55,11,4,145109,0.8513,7,0.4617,0.7465,0.4623,0.1268,0
56,14,13,479413,0.4469,5,0.12,0.0143,0.2164,0.7052,0
57,10,7,433944,0.871,9,0.036,0.0124,0.8293,0.4662,0
58,9,10,216429,0.8697,3,0.1905,0.2949,0.1618,0.9934,0
59,4,7,241247,0.655,6,0.2233,0.988,0.6369,0.8554,0
60,11,8,476819,0.5605,1,0.0925,0.4581,0.5742,0.5527,1
61,12,6,47727,0.902,9,0.5834,0.8993,0.3309,0.646,0
62,3,6,113713,0.4923,2,0.289,0.053,0.0513,0.5555,0
63,13,12,387371,0.9207,1,0.2439,0.3716,0.2894,0.0164,0
64,1,2,359287,0.7597,10,0.8359,0.4918,0.1056,0.9115,1
65,12,12,400516,0.2628,1,0.3898,0.4655,0.5355,0.8165,0
66,9,5,39334,0.6597,10,0.7424,0.9136,0.2122,0.4225,0
67,15,8,44604,0.0284,6,0.8036,0.3421,0.4644,0.2956,0
68,10,10,226970,0.2298,9,0.8167,0.8965,0.1204,0.8245,0
69,14,2,275090,0.0317,5,0.5199,0.6709,0.3383,0.7919,0
70,15,3,220932,0.0078,6,0.6717,0.465,0.0655,0.5082,1
71,4,11,74549,0.2628,10,0.0098,0.529,0.1467,0.3469,0
72,13,11,133062,0.3508,3,0.2209,0.1399,0.4215,0.7005,1
73,6,7,429363,0.6831,1,0.2804,0.311,0.2935,0.8853,1
74,12,5,461700,0.6645,4,0.2672,0.3411,0.0744,0.7639,1
75,15,4,110673,0.0043,3,0.4043,0.4782,0.172,0.3341,1
76,3,2,201980,0.8175,10,0.513,0.1707,0.5418,0.1163,0
77,6,9,475747,0.1824,7,0.8346,0.4625,0.1444,0.2949,1
78,8,2,362382,0.25,10,0.0537,0.464,0.204,0.3681,0
79,6,1,114154,0.7471,4,0.5763,0.4231,0.0533,0.6963,0
80,2,5,306761,0.2583,3,0.6998,0.353,0.119,0.6164,0
81,4,11,364384,0.8233,2,0.298,0.5293,0.1467,0.1189,0
82,12,6,277226,0.0217,6,0.115,0.2734,0.8121,0.8186,1
83,8,6,486754,0.9861,8,0.4063,0.9875,0.7381,0.2092,1
84,4,9,305053,0.389,5,0.7606,0.9194,0.8206,0.6218,0
85,1,2,252039,0.7439,3,0.1982,0.038,0.1943,0.4768,1
86,6,3,426804,0.4319,7,0.1231,0.8299,0.3999,0.8183,0
87,6,6,115445,0.7104,7,0.7137,0.6384,0.4781,0.0713,1
88,9,10,162723,0.0684,7,0.03,0.5381,0.6821,0.8155,0
89,3,6,417619,0.4109,2,0.5643,0.8847,0.4006,0.1029,1
90,14,8,89322,0.4932,1,0.9129,0.0589,0.5696,0.58,0
91,5,9,279115,0.2289,7,0.4994,0.643,0.3508,0.1805,1
92,4,3,175383,0.0732,6,0.0773,0.6591,0.1896,0.0546,1
93,7,6,469187,0.894,7,0.8379,0.9234,0.9321,0.9054,0
94,15,13,490603,0.2259,6,0.8738,0.439,0.8672,0.5103,1
95,14,12,393580,0.9868,3,0.5928,0.3188,0.6365,0.3187,1
96,10,1,54097,0.7386,2,0.3338,0.195,0.8549,0.2397,1
97,12,5,186074,0.8489,7,0.3421,0.1155,0.1759,0.5152,0
98,9,2,132515,0.1008,1,0.2653,0.0402,0.0884,0.825,1
99,10,7,144471,0.4954,10,0.0028,0.6282,0.8817,0.1234,1
100,2,8,98873,0.9812,10,0.6162,0.8195,0.2897,0.7999,0
101,4,4,397916,0.6862,5,0.1767,0.8006,0.4251,0.9181,0
102,11,13,69790,0.4079,6,0.4367,0.1719,0.0031,0.3379,1
103,1,11,417817,0.9756,3,0.0103,0.5508,0.3864,0.7431,1
104,7,13,425688,0.0597,2,0.5219,0.8936,0.4667,0.5332,0
105,12,3,444435,0.0982,8,0.455,0.6885,0.0741,0.8593,1
106,11,5,112326,0.8711,4,0.398,0.5326,0.789,0.1971,0
107,7,7,492809,0.2279,8,0.0318,0.2827,0.1001,0.3637,0
108,8,2,367889,0.9416,4,0.0261,0.8236,0.6975,0.1373,0
109,11,6,124329,0.0103,8,0.7575,0.8591,0.8114,0.0167,0
110,5,9,354146,0.8632,10,0.5518,0.3984,0.8229,0.6579,0
111,2,2,94017,0.6975,10,0.359,0.3839,0.9628,0.3019,0
112,12,1,454103,0.2019,5,0.0643,0.416,0.5046,0.3327,1
113,6,10,241624,0.4708,3,0.3103,0.7651,0.4351,0.269,0
114,11,11,495853,0.1193,7,0.0679,0.8729,0.6119,0.1125,0
115,8,11,128368,0.4188,7,0.5242,0.5785,0.8608,0.4712,0
116,8,1,132590,0.1345,8,0.8377,0.1683,0.8704,0.0607,0
117,15,5,201062,0.2754,5,0.4662,0.7546,0.9808,0.7631,0
118,3,5,213402,0.1082,5,0.0354,0.2407,0.9002,0.8282,0
119,5,10,31585,0.7387,6,0.0381,0.7737,0.7708,0.8507,0
120,10,10,298346,0.5336,4,0.571,0.1643,0.6883,0.1608,0
121,7,2,388555,0.9629,8,0.1109,0.563,0.1975,0.7681,0
122,9,7,466479,0.6683,4,0.808,0.1772,0.1638,0.7468,0
123,6,9,281017,0.3838,5,0.5387,0.9625,0.8191,0.0687,1
124,13,6,317056,0.611,8,0.6151,0.8575,0.9221,0.4794,1
125,12,5,436954,0.866,4,0.5045,0.2366,0.5926,0.8962,1
126,7,1,346222,0.8564,1,0.079,0.7672,0.5928,0.7325,0
127,4,11,212644,0.2024,6,0.8945,0.2123,0.0982,0.888,0
128,3,13,497047,0.6601,4,0.9552,0.7494,0.1139,0.6825,0
129,9,2,246744,0.5361,2,0.5235,0.4296,0.8636,0.625,1
130,9,7,437934,0.2386,8,0.0549,0.9615,0.9399,0.8289,1
131,6,12,196417,0.4783,6,0.4608,0.9102,0.249,0.9547,1
132,15,6,424064,0.0978,5,0.9689,0.0154,0.9263,0.2484,1
133,2,3,265193,0.1059,4,0.7218,0.702,0.7928,0.3779,0
134,15,11,405691,0.4632,1,0.539,0.4632,0.8688,0.0902,0
135,7,2,226425,0.7034,6,0.069,0.9592,0.3545,0.729,0
136,9,7,127267,0.9375,10,0.8784,0.4049,0.5598,0.7588,1
137,7,6,363542,0.7724,1,0.4098,0.6166,0.6261,0.73,1
138,14,4,249605,0.0881,1,0.0381,0.7077,0.2133,0.997,1
139,10,11,118092,0.5481,4,0.798,0.5892,0.7054,0.2799,0
140,5,6,249870,0.5139,8,0.8026,0.6685,0.137,0.6428,0
141,7,13,319568,0.2403,3,0.4527,0.4896,0.4288,0.0218,0
142,7,8,368026,0.9272,8,0.5446,0.0769,0.5496,0.9287,0
143,4,1,47194,0.0247,6,0.8508,0.5837,0.2794,0.2245,0
144,4,3,36421,0.4015,3,0.9512,0.1984,0.3865,0.8372,1
145,6,2,439824,0.9135,6,0.2782,0.8703,0.98,0.6751,1
146,13,1,233228,0.0942,8,0.2061,0.7979,0.6992,0.9002,1
147,15,7,144976,0.6281,4,0.6981,0.339,0.2453,0.2387,1
148,2,11,54891,0.3683,1,0.1166,0.5999,0.8935,0.4555,0
149,15,10,39268,0.3794,2,0.8598,0.1605,0.5295,0.0526,1
150,6,6,470169,0.8003,5,0.3909,0.6944,0.4188,0.3289,0
151,13,8,442382,0.2654,5,0.6715,0.8143,0.9119,0.1771,0
152,2,13,166586,0.3645,3,0.0068,0.1482,0.8105,0.3667,1
153,1,12,263013,0.3858,6,0.054,0.6565,0.2266,0.3226,1
154,10,6,48082,0.5313,8,0.2028,0.0213,0.5267,0.4712,1
155,12,7,186852,0.4571,8,0.2902,0.1691,0.0369,0.9982,0
156,3,9,318302,0.7376,6,0.3663,0.7477,0.0595,0.9445,0
157,11,1,213049,0.0242,4,0.5019,0.9156,0.8577,0.8236,0
158,14,6,86912,0.3684,4,0.6673,0.1188,0.4348,0.8534,0
159,7,9,460413,0.8588,3,0.3379,0.5441,0.4968,0.8849,1
160,8,10,425408,0.8433,6,0.5205,0.8661,0.2395,0.0397,1
161,13,1,438784,0.3287,6,0.7841,0.0285,0.614,0.6567,1
162,12,5,230948,0.9391,6,0.0329,0.4472,0.4229,0.562,1
163,5,5,356941,0.4395,10,0.2073,0.4536,0.2759,0.111,1
164,1,11,292869,0.6279,5,0.4481,0.7123,0.6477,0.9231,0
165,4,5,470265,0.6843,6,0.9208,0.9344,0.2673,0.4787,0
166,13,5,230420,0.4807,5,0.2199,0.2778,0.8245,0.4023,1
167,6,2,199135,0.4765,5,0.245,0.4715,0.9352,0.442,0
168,9,12,390046,0.2495,1,0.811,0.8069,0.1593,0.77,0
169,3,11,426015,0.3804,7,0.7299,0.7833,0.2976,0.6439,1
170,8,2,65005,0.6877,2,0.4769,0.4914,0.7903,0.0407,0
171,12,9,62718,0.6178,8,0.2759,0.2412,0.6977,0.5017,1
172,2,8,459651,0.3539,3,0.2773,0.4714,0.6914,0.2899,1
173,2,12,405642,0.0985,8,0.0841,0.2885,0.8327,0.502,0
174,2,6,468722,0.3671,4,0.4999,0.7818,0.5324,0.1173,1
175,2,7,119199,0.4731,2,0.4196,0.4462,0.7034,0.3469,1
176,4,3,420942,0.1531,5,0.8627,0.8637,0.3442,0.4574,1
177,13,1,108116,0.9531,2,0.1643,0.9829,0.254,0.7808,1
178,7,10,36523,0.9835,5,0.6935,0.6834,0.0727,0.2375,0
179,5,8,177922,0.7198,8,0.624,0.9376,0.6519,0.7877,0
180,9,1,354962,0.7286,9,0.4829,0.0919,0.6963,0.3027,0
181,8,9,140924,0.9936,9,0.3221,0.3129,0.0265,0.0132,0
182,3,2,148111,0.1367,9,0.0642,0.2484,0.4218,0.22,1
183,6,2,311092,0.5142,4,0.7194,0.6258,0.4945,0.7687,0
184,1,1,394570,0.193,4,0.854,0.0171,0.3921,0.3047,0
185,8,4,379383,0.0896,2,0.6129,0.321,0.6755,0.1221,1
186,12,8,380959,0.5296,6,0.5952,0.5194,0.751,0.9651,1
187,12,9,461556,0.4973,6,0.5098,0.2791,0.0229,0.6531,1
188,9,11,486816,0.0867,2,0.6071,0.8992,0.1214,0.4394,0
189,12,5,333119,0.5178,10,0.8642,0.1056,0.1639,0.5248,1
190,11,4,391633,0.757,10,0.5361,0.6712,0.4296,0.5499,1
191,6,1,241839,0.0817,5,0.6553,0.7288,0.698,0.1028,1
192,4,3,48209,0.7559,3,0.7514,0.7501,0.7921,0.1582,1
193,3,5,40660,0.844,2,0.8908,0.5043,0.0336,0.3142,0
194,5,3,132780,0.2912,7,0.2814,0.6417,0.665,0.4236,1
195,2,4,292206,0.2451,6,0.2349,0.3169,0.4707,0.3292,0
196,11,4,117611,0.4199,2,0.6202,0.3433,0.5455,0.2538,1
197,13,12,93206,0.8574,10,0.3167,0.9915,0.69,0.4021,1
198,12,5,211316,0.8817,4,0.0061,0.7154,0.6595,0.8171,0
199,6,7,260601,0.2994,8,0.5486,0.5546,0.0658,0.9554,0
200,9,2,493104,0.7829,6,0.1761,0.7843,0.3262,0.5014,0
201,13,7,394953,0.6042,4,0.0015,0.3365,0.5324,0.682,1
202,11,11,337657,0.4822,7,0.4579,0.2354,0.6352,0.4079,1
203,5,3,68765,0.5078,4,0.4663,0.6066,0.2939,0.9291,0
204,10,9,208278,0.4411,2,0.1248,0.9999,0.5309,0.7413,1
205,11,11,429435,0.5308,10,0.6104,0.435,0.0298,0.5116,1
206,3,4,160296,0.7563,6,0.6389,0.872,0.8981,0.1049,1
207,12,2,317401,0.8127,10,0.8781,0.4295,0.6183,0.8855,0
208,13,1,340814,0.5501,3,0.8663,0.2456,0.893,0.4232,1
209,15,6,123978,0.3043,3,0.2602,0.512,0.7585,0.9949,1
210,9,10,293481,0.2344,3,0.3614,0.1935,0.0333,0.0774,0
211,8,13,120835,0.8031,8,0.2103,0.1673,0.8193,0.5921,1
212,3,4,451665,0.39,8,0.4238,0.8794,0.6487,0.9293,1
213,10,12,375608,0.1221,8,0.9038,0.7279,0.8921,0.3301,1
214,11,1,397100,0.9784,5,0.7989,0.0014,0.2668,0.2874,1
215,14,10,339176,0.503,7,0.1518,0.8646,0.2128,0.5996,0
216,9,11,321017,0.2648,10,0.9421,0.071,0.7764,0.5189,0
217,12,8,351076,0.572,4,0.5727,0.2507,0.9684,0.5162,1
218,15,13,209003,0.4464,8,0.9987,0.5374,0.9588,0.459,1
219,6,10,471352,0.8431,1,0.6684,0.9687,0.7404,0.2598,0
220,8,2,203182,0.3029,7,0.4327,0.1013,0.3411,0.1725,0
221,7,5,260291,0.1228,2,0.9625,0.9919,0.3806,0.2016,0
222,10,3,406656,0.4021,4,0.8777,0.4415,0.0747,0.7825,1
223,2,5,223122,0.0992,7,0.6226,0.7737,0.0218,0.345,1
224,14,10,90000,0.8993,3,0.3458,0.5906,0.2801,0.8275,0
225,10,4,176436,0.0694,5,0.6218,0.6093,0.5989,0.2099,1
226,15,11,282082,0.2465,10,0.2858,0.7403,0.1774,0.9829,0
227,2,9,160358,0.5423,6,0.5601,0.1055,0.818,0.1492,1
228,9,9,88946,0.7397,3,0.2389,0.2476,0.9872,0.0883,0
229,15,3,197221,0.3602,9,0.271,0.9056,0.4326,0.5474,1
230,13,4,364155,0.7908,6,0.1778,0.7549,0.0803,0.3211,0
231,10,1,421265,0.8821,6,0.2749,0.6414,0.2114,0.8975,0
232,6,1,499103,0.7689,3,0.632,0.987,0.6364,0.691,1
233,10,10,95200,0.3276,10,0.1477,0.5224,0.4359,0.7212,1
234,8,11,409343,0.5651,6,0.3755,0.7207,0.4252,0.2544,0
235,7,10,95058,0.6546,3,0.6117,0.1896,0.6065,0.758,1
236,5,1,58474,0.2813,9,0.5732,0.4782,0.9044,0.1851,1
237,8,11,98733,0.7887,9,0.5245,0.0186,0.0331,0.9593,1
238,2,2,426922,0.5619,9,0.929,0.5444,0.3222,0.7336,0
239,1,5,216605,0.3508,7,0.0454,0.6825,0.7869,0.8286,0
240,3,11,272636,0.0953,8,0.1366,0.0275,0.4575,0.3731,1
241,1,11,33209,0.2831,8,0.0869,0.6523,0.8704,0.4512,0
242,5,3,301799,0.7313,10,0.5311,0.0411,0.432,0.4135,0
243,10,2,42181,0.8099,2,0.9153,0.7299,0.0638,0.7936,1
244,8,4,123688,0.8922,7,0.4625,0.7428,0.237,0.5089,0
245,2,10,218256,0.9565,7,0.2039,0.2999,0.1626,0.646,1
246,6,2,349770,0.2767,9,0.4313,0.9379,0.1335,0.6848,0
247,13,8,448250,0.3194,1,0.091,0.6485,0.6188,0.7528,1
248,4,8,88365,0.6048,5,0.0448,0.0469,0.2183,0.2128,0
249,14,7,474624,0.7755,8,0.741,0.4122,0.8565,0.9327,0
250,10,11,303555,0.7764,9,0.7971,0.7842,0.198,0.8522,0
251,12,12,136296,0.9863,1,0.6183,0.9698,0.2198,0.4286,1
252,8,10,163209,0.388,7,0.3597,0.8648,0.4628,0.6234,0
253,2,12,481121,0.7769,3,0.2921,0.3422,0.4027,0.8464,1
254,6,2,412726,0.6431,5,0.9338,0.9293,0.1968,0.331,0
255,7,5,251175,0.3556,1,0.3521,0.691,0.534,0.04,0
256,4,7,276311,0.482,10,0.6443,0.4517,0.6456,0.5984,0
257,3,7,190437,0.2838,5,0.0039,0.7068,0.2845,0.0334,1
258,7,12,87723,0.4852,10,0.3192,0.7558,0.3345,0.6808,1
259,15,2,246733,0.0166,7,0.9162,0.697,0.6258,0.3913,1
260,12,13,472709,0.8959,2,0.6122,0.9592,0.6221,0.5673,0
261,4,11,75670,0.2839,1,0.1917,0.5227,0.3696,0.283,1
262,12,5,31898,0.3855,1,0.0155,0.3023,0.5701,0.9973,0
263,12,3,401935,0.7645,2,0.2235,0.1003,0.1546,0.2886,1
264,1,1,349816,0.9277,1,0.8876,0.8814,0.4591,0.2256,0
265,2,9,469627,0.2506,3,0.5043,0.753,0.0536,0.6083,1
266,10,2,265341,0.9875,10,0.1563,0.6121,0.6775,0.6043,0
267,5,8,181095,0.1168,4,0.0656,0.1445,0.8845,0.4948,0
268,7,6,315807,0.9546,5,0.5487,0.8212,0.3078,0.1396,0
269,10,3,474317,0.5945,3,0.7627,0.0126,0.0503,0.8234,1
270,9,5,423187,0.9186,10,0.9082,0.7051,0.4522,0.9683,0
271,2,1,237638,0.3058,8,0.5953,0.3067,0.2733,0.8375,0
272,4,11,340143,0.2928,1,0.9737,0.5854,0.6285,0.0427,1
273,9,10,314173,0.416,8,0.309,0.4298,0.099,0.838,1
274,7,8,324460,0.076,7,0.8335,0.3024,0.2525,0.8975,0
275,4,10,159313,0.5584,2,0.7802,0.9617,0.0674,0.987,0
276,8,10,308161,0.9351,2,0.6217,0.1758,0.8852,0.6514,1
277,4,3,457741,0.7781,1,0.9395,0.0821,0.3685,0.3088,1
278,2,1,132813,0.9049,8,0.843,0.135,0.8181,0.3232,0
279,13,2,427360,0.5009,6,0.662,0.9187,0.0143,0.5858,0
280,11,7,365048,0.9802,6,0.2227,0.9738,0.0093,0.911,1
281,3,11,369827,0.0791,4,0.5943,0.0873,0.5999,0.1001,0
282,4,6,98590,0.3926,8,0.1922,0.3509,0.28,0.6242,0
283,10,3,91643,0.7918,6,0.9878,0.224,0.477,0.0362,0
284,10,9,196613,0.458,1,0.2768,0.1284,0.9453,0.1982,1
285,1,8,58664,0.1385,10,0.8795,0.5795,0.2851,0.2803,0
286,12,7,61107,0.8607,4,0.2202,0.449,0.4959,0.0774,1
287,12,9,129279,0.9874,8,0.7026,0.5195,0.5955,0.722,0
288,10,3,397634,0.3063,5,0.74,0.792,0.1689,0.8465,0
289,3,10,484718,0.047,1,0.7921,0.5014,0.8965,0.4034,1
290,5,5,397506,0.6759,5,0.1592,0.7075,0.5067,0.9186,1
291,11,10,119602,0.8734,6,0.5225,0.1885,0.1191,0.2418,0
292,6,6,70275,0.0991,10,0.9371,0.109,0.7123,0.3191,0
293,12,1,245646,0.1544,6,0.047,0.9715,0.0562,0.7342,1
294,3,5,125267,0.8623,4,0.077,0.6276,0.6943,0.1354,0
295,2,11,103285,0.4993,7,0.3035,0.9546,0.1303,0.7152,1
296,12,11,345710,0.7902,8,0.7243,0.7356,0.0409,0.8312,1
297,15,13,330078,0.2515,9,0.2133,0.7596,0.3687,0.9929,0
298,1,3,463632,0.0988,7,0.1523,0.003,0.4199,0.1276,1
299,4,11,483794,0.0525,10,0.0176,0.2472,0.8886,0.3749,1
300,7,10,200108,0.7996,5,0.3603,0.5005,0.3521,0.2554,1
301,7,1,237992,0.99,2,0.849,0.2777,0.5963,0.2414,0
302,12,7,106786,0.9798,1,0.9801,0.3532,0.711,0.6632,1
303,5,4,145405,0.3367,5,0.3876,0.5071,0.8651,0.7415,1
304,3,9,56560,0.6063,5,0.4355,0.8811,0.6937,0.338,0
305,8,13,321458,0.3241,4,0.9011,0.9879,0.3904,0.2189,0
306,3,5,237094,0.3501,5,0.365,0.0541,0.5981,0.452,0
307,12,11,118474,0.2291,8,0.8584,0.2166,0.3855,0.8328,1
308,9,2,378549,0.0607,4,0.5183,0.3154,0.4536,0.2774,0
309,6,6,346416,0.9014,1,0.1916,0.3078,0.4539,0.1137,0
310,12,3,493915,0.415,10,0.8623,0.2011,0.7151,0.0423,1
311,4,8,96133,0.0005,10,0.0338,0.63,0.1273,0.9489,1
312,14,11,73272,0.1208,5,0.9384,0.6486,0.909,0.1648,1
313,9,5,453527,0.3705,7,0.9949,0.3089,0.6078,0.2298,1
314,10,11,74643,0.7242,6,0.9745,0.9521,0.7178,0.9746,1
315,8,6,405542,0.677,4,0.3925,0.4735,0.5549,0.6678,1
316,12,1,487250,0.3604,7,0.6393,0.5954,0.9048,0.0924,1
317,11,11,273773,0.2391,1,0.2571,0.3319,0.1113,0.9826,1
318,11,8,105702,0.8773,5,0.8858,0.5236,0.7006,0.5265,1
319,8,13,306113,0.093,4,0.5437,0.033,0.9474,0.1724,0
320,7,2,345005,0.593,1,0.3146,0.1217,0.8374,0.2821,0
321,3,8,406057,0.7166,8,0.4532,0.8943,0.0859,0.6076,0
322,2,5,477161,0.5392,1,0.1885,0.3374,0.5393,0.2976,1
323,12,8,490011,0.8404,2,0.8621,0.0852,0.2918,0.5335,1
324,10,6,208688,0.2109,10,0.3205,0.1004,0.218,0.4231,0
325,7,6,336089,0.8187,3,0.4934,0.8774,0.1654,0.9011,1
326,4,5,323167,0.6766,6,0.7926,0.571,0.2727,0.8473,0
327,5,13,417613,0.2869,2,0.6273,0.9275,0.3766,0.4265,1
328,7,12,460542,0.8474,5,0.303,0.6515,0.4661,0.2532,1
329,12,7,393219,0.4555,5,0.5282,0.3561,0.5386,0.568,1
330,12,2,445102,0.735,4,0.392,0.0274,0.6961,0.307,1
331,8,2,145515,0.63,9,0.426,0.9453,0.6734,0.9777,0
332,13,13,464651,0.7713,4,0.1138,0.2138,0.2433,0.6765,1
333,3,1,270742,0.0713,10,0.0904,0.4293,0.6962,0.7631,1
334,15,11,375891,0.2756,8,0.4158,0.0336,0.8232,0.0499,1
335,13,8,282991,0.1686,7,0.3116,0.3714,0.3958,0.1003,1
336,15,11,81623,0.4608,5,0.6224,0.4104,0.7912,0.8096,0
337,14,9,50555,0.8316,7,0.8699,0.0494,0.1375,0.6175,1
338,12,12,486127,0.3718,10,0.7118,0.2007,0.737,0.1834,1
339,2,13,273188,0.3863,10,0.9466,0.1672,0.5128,0.4915,1
340,11,5,182803,0.4014,8,0.581,0.3479,0.8951,0.4914,1
341,10,9,446487,0.168,9,0.6997,0.2875,0.6521,0.2347,0
342,4,10,276396,0.0457,10,0.0685,0.3091,0.4055,0.4584,1
343,12,6,207315,0.7424,3,0.3569,0.8466,0.4515,0.9152,0
344,5,8,343874,0.6034,5,0.4067,0.7579,0.751,0.3807,0
345,5,3,399709,0.9704,5,0.4205,0.4404,0.0596,0.7591,1
346,9,6,444404,0.8663,8,0.5688,0.0955,0.5417,0.7592,1
347,11,1,381399,0.3426,1,0.2154,0.1766,0.485,0.2834,1
348,8,3,354096,0.542,2,0.2494,0.0988,0.0883,0.3614,1
349,4,10,285228,0.5396,3,0.6828,0.4782,0.6015,0.8363,1
350,6,4,333209,0.4074,7,0.9054,0.5264,0.9267,0.9547,1
351,13,3,360011,0.675,10,0.081,0.2158,0.3279,0.2749,1
352,11,4,177569,0.225,5,0.2517,0.1367,0.0812,0.997,0
353,13,6,178735,0.6473,4,0.4348,0.7158,0.2732,0.6702,0
354,1,7,259518,0.6713,7,0.0613,0.3845,0.2294,0.1643,1
355,7,9,258339,0.3912,1,0.4038,0.6885,0.3708,0.7938,1
356,5,7,71124,0.5368,1,0.7192,0.8609,0.4818,0.0228,0
357,14,1,361738,0.3631,3,0.8208,0.8891,0.0108,0.0145,0
358,1,7,411468,0.2277,10,0.08,0.853,0.4194,0.3684,1
359,11,3,211906,0.8049,8,0.3521,0.2281,0.9598,0.0061,0
360,10,2,359903,0.279,8,0.9458,0.7166,0.2074,0.8177,1
361,10,10,116708,0.421,9,0.19,0.3369,0.9145,0.6899,0
362,2,5,349819,0.0579,1,0.5539,0.0063,0.6136,0.0106,0
363,2,10,156235,0.8386,9,0.1397,0.7465,0.2998,0.5005,1
364,5,13,98358,0.2681,9,0.2785,0.0136,0.2635,0.3037,0
365,9,3,476511,0.4171,3,0.2671,0.57,0.3646,0.8889,0
366,6,4,423168,0.0114,10,0.3506,0.133,0.5615,0.5634,1
367,9,5,185731,0.5948,7,0.4173,0.6346,0.1297,0.006,1
368,15,1,365958,0.4875,6,0.7585,0.0861,0.0964,0.8448,0
369,8,11,191996,0.9547,6,0.1636,0.3835,0.9008,0.468,1
370,13,8,477446,0.9402,3,0.1833,0.908,0.9377,0.0641,0
371,1,12,444999,0.3779,1,0.6182,0.7357,0.1902,0.3659,1
372,15,6,157429,0.2142,9,0.0529,0.9648,0.845,0.9096,0
373,12,1,453448,0.552,5,0.893,0.2605,0.4091,0.6512,1
374,15,4,184291,0.9914,2,0.254,0.0402,0.4031,0.9857,1
375,11,11,54839,0.3695,9,0.1166,0.5583,0.6227,0.4027,0
376,2,1,96639,0.939,5,0.6876,0.1305,0.8266,0.5252,1
377,13,1,238970,0.4934,7,0.79,0.712,0.9787,0.8853,0
378,13,2,380535,0.4121,7,0.1682,0.7586,0.857,0.4055,0
379,12,13,128477,0.7763,1,0.8361,0.236,0.3293,0.0558,0
380,15,10,382497,0.0073,1,0.2626,0.7654,0.0743,0.9742,1
381,15,11,267825,0.65,9,0.4969,0.0306,0.2484,0.8671,0
382,4,11,302192,0.2918,6,0.6831,0.687,0.4208,0.4863,1
383,15,13,146963,0.3385,8,0.9755,0.0053,0.1801,0.6587,1
384,9,6,393935,0.5075,8,0.9198,0.7821,0.5148,0.1381,0
385,12,8,332216,0.6003,6,0.1319,0.5235,0.2516,0.2982,0
386,15,3,34194,0.628,10,0.55,0.6568,0.6709,0.3729,1
387,8,13,221654,0.4359,7,0.0561,0.3327,0.4325,0.2963,1
388,10,7,189885,0.7779,2,0.3424,0.8547,0.9145,0.0342,1
389,4,4,34925,0.3969,1,0.8463,0.4495,0.9058,0.4792,0
390,2,13,464231,0.1538,9,0.6023,0.4519,0.6223,0.1371,0
391,2,9,208762,0.0044,3,0.7254,0.7783,0.2169,0.1819,0
392,6,1,228008,0.7257,3,0.6682,0.657,0.4956,0.4055,0
393,11,6,476118,0.0059,2,0.7096,0.144,0.8305,0.3766,0
394,12,10,235607,0.298,4,0.1023,0.3183,0.2649,0.6114,1
395,4,11,434032,0.425,8,0.5389,0.2239,0.8345,0.6627,1
396,10,11,68739,0.7136,2,0.6195,0.5644,0.3062,0.3102,1
397,4,11,197975,0.8368,5,0.4946,0.3743,0.7545,0.374,0
398,6,5,233715,0.1407,4,0.1635,0.8485,0.806,0.5248,1
399,2,1,344312,0.632,3,0.366,0.5877,0.2717,0.1425,0
400,1,10,251977,0.0168,5,0.9368,0.3822,0.5732,0.0766,1
401,5,1,308199,0.8492,3,0.2697,0.0043,0.1769,0.5704,1
402,1,1,107762,0.5962,7,0.6632,0.6266,0.7278,0.0679,1
403,7,8,444552,0.8484,1,0.4239,0.2004,0.8577,0.9214,1
404,1,1,242081,0.3011,4,0.3453,0.8599,0.7056,0.002,0
405,3,2,455659,0.3969,3,0.1499,0.5044,0.2869,0.8945,1
406,4,6,288750,0.7142,2,0.3451,0.9337,0.372,0.384,1
407,2,7,496053,0.5209,7,0.3005,0.2518,0.6513,0.5072,1
408,2,5,377385,0.9899,7,0.921,0.9846,0.8363,0.5412,1
409,2,6,145196,0.887,2,0.7329,0.3027,0.657,0.3377,1
410,8,4,137284,0.4042,10,0.7123,0.9469,0.3422,0.5744,0
411,5,3,170738,0.4584,4,0.6763,0.4321,0.5865,0.0303,0
412,4,2,463390,0.4404,8,0.6117,0.4011,0.1359,0.2963,1
413,8,7,420415,0.6916,7,0.5288,0.7651,0.5955,0.2848,0
414,6,10,143373,0.4179,8,0.9611,0.6583,0.0294,0.975,0
415,15,12,150823,0.0727,8,0.5401,0.9193,0.3336,0.648,1
416,2,1,229377,0.5092,6,0.8577,0.851,0.0023,0.9378,1
417,5,13,157303,0.2639,1,0.2145,0.2392,0.3798,0.9789,1
418,2,2,166220,0.0009,7,0.1705,0.8367,0.1799,0.4701,1
419,15,10,390229,0.7322,10,0.346,0.2877,0.3845,0.5673,0
420,5,10,299135,0.4931,9,0.2105,0.2694,0.3071,0.8211,1
421,4,11,63940,0.8239,9,0.8691,0.2945,0.8915,0.8103,1
422,11,2,353895,0.7549,9,0.9484,0.9658,0.5337,0.7756,1
423,11,5,304117,0.7998,9,0.0228,0.1671,0.0674,0.3723,0
424,12,8,368457,0.8951,6,0.4628,0.9214,0.7596,0.7343,0
425,9,6,130823,0.6861,3,0.4241,0.0567,0.659,0.1878,0
426,11,13,233718,0.8255,7,0.9493,0.3931,0.2185,0.7736,0
427,13,9,485451,0.3406,7,0.7835,0.9623,0.7058,0.2948,1
428,13,4,161140,0.4959,5,0.6399,0.5635,0.16,0.6664,1
429,6,1,189349,0.018,8,0.7594,0.5141,0.2275,0.0951,0
430,13,7,287585,0.2025,2,0.4145,0.0873,0.5865,0.0975,0
431,4,10,381841,0.7174,2,0.9817,0.7748,0.2659,0.7572,0
432,3,4,125581,0.8386,3,0.8276,0.348,0.8126,0.3834,0
433,3,13,426806,0.392,2,0.0793,0.466,0.7391,0.7492,1
434,7,12,266932,0.8599,3,0.1391,0.0396,0.2696,0.155,0
435,8,2,489187,0.3973,9,0.7386,0.0807,0.2356,0.9837,0
436,8,6,277664,0.2242,4,0.584,0.5918,0.7214,0.0404,1
437,8,7,324430,0.9745,3,0.3345,0.3785,0.7081,0.869,1
438,3,4,323578,0.8823,2,0.8097,0.679,0.0859,0.0262,0
439,13,6,408391,0.5156,1,0.0779,0.3243,0.41,0.1618,0
440,15,13,208723,0.4717,7,0.7975,0.8025,0.8544,0.2142,0
441,15,11,284995,0.8508,6,0.9406,0.8955,0.5105,0.9852,0
442,14,12,344527,0.34,6,0.8709,0.9995,0.3269,0.8754,1
443,14,3,283484,0.9338,4,0.1378,0.8886,0.5999,0.1052,1
444,14,11,398832,0.0902,3,0.9829,0.7725,0.5363,0.9423,0
445,13,1,165014,0.4324,2,0.6963,0.872,0.8154,0.5219,1
446,15,5,138046,0.4043,1,0.8101,0.8988,0.1003,0.5697,0
447,14,9,35187,0.3498,8,0.3442,0.7762,0.274,0.398,1
448,11,4,387105,0.6931,8,0.3983,0.753,0.8421,0.8953,1
449,15,11,414369,0.6164,2,0.4352,0.5711,0.3732,0.0421,1
450,7,10,385105,0.746,7,0.7925,0.4427,0.6508,0.8164,0
451,4,7,276877,0.4362,5,0.8517,0.7094,0.6929,0.4987,1
452,2,5,336372,0.4362,6,0.0794,0.8417,0.5832,0.6231,0
453,1,13,444772,0.1289,5,0.9964,0.2083,0.0463,0.3441,0
454,5,1,175093,0.5586,1,0.138,0.0841,0.1435,0.9444,0
455,1,12,364727,0.1029,8,0.7806,0.3659,0.3955,0.5404,0
456,3,3,373057,0.6935,9,0.2279,0.1538,0.9437,0.7783,0
457,13,7,386093,0.9329,2,0.3177,0.4,0.0464,0.3495,1
458,7,11,280089,0.4519,10,0.0103,0.7201,0.5081,0.9848,1
459,5,1,73280,0.7524,6,0.4483,0.3707,0.5429,0.8197,1
460,7,6,103024,0.5504,7,0.1832,0.0813,0.402,0.5601,0
461,14,1,275744,0.0233,9,0.9516,0.057,0.1594,0.9237,0
462,6,6,294294,0.9402,1,0.1241,0.4873,0.8036,0.795,0
463,3,3,192685,0.65,10,0.761,0.7936,0.6026,0.0236,0
464,5,4,240403,0.8436,8,0.383,0.5201,0.1288,0.0169,1
465,3,7,111241,0.471,10,0.3963,0.0666,0.7834,0.4915,0
466,9,10,344813,0.282,9,0.2129,0.1257,0.8667,0.7509,1
467,12,5,479468,0.2342,2,0.421,0.621,0.2144,0.7739,0
468,9,1,343934,0.558,1,0.8463,0.8582,0.6667,0.0263,1
469,15,5,209166,0.077,2,0.913,0.7796,0.6016,0.1607,1
470,3,13,399890,0.3178,3,0.1003,0.5292,0.9527,0.1392,1
471,5,12,307304,0.2407,3,0.4848,0.2944,0.3831,0.4359,0
472,7,9,186127,0.7173,7,0.7543,0.8441,0.7896,0.9586,0
473,12,5,199658,0.9437,9,0.7844,0.0002,0.4912,0.4972,1
474,12,8,475884,0.6947,2,0.9606,0.4905,0.8949,0.8589,0
475,4,13,209275,0.5244,8,0.1271,0.5132,0.3774,0.2658,0
476,14,6,365867,0.7084,6,0.2415,0.5723,0.3684,0.3082,0
477,9,11,172626,0.6342,6,0.0118,0.3692,0.5834,0.8982,0
478,7,3,142793,0.0514,6,0.0357,0.804,0.4825,0.2359,0
479,8,3,405684,0.3959,10,0.9774,0.9706,0.3139,0.4624,1
480,7,5,257424,0.1457,4,0.647,0.5716,0.773,0.5991,1
481,14,7,54826,0.1794,8,0.1135,0.6183,0.1067,0.3835,0
482,7,7,400546,0.2019,7,0.1236,0.609,0.6819,0.1321,1
483,10,9,420727,0.0777,1,0.9135,0.9207,0.4262,0.4541,0
484,15,11,261022,0.711,9,0.4226,0.1974,0.634,0.569,1
485,15,1,312876,0.5158,3,0.0254,0.7592,0.0424,0.9465,1
486,7,5,214212,0.8931,5,0.1715,0.2901,0.3743,0.425,0
487,4,5,37829,0.853,5,0.256,0.9908,0.1222,0.8268,0
488,10,1,149865,0.1803,9,0.6225,0.9909,0.8631,0.7999,1
489,15,7,71387,0.1872,5,0.0495,0.2455,0.5649,0.3098,0
490,13,7,148355,0.549,3,0.3936,0.1744,0.4568,0.6686,0
491,8,9,155044,0.844,2,0.0013,0.4945,0.4752,0.9414,1
492,1,4,55260,0.9535,8,0.6186,0.5497,0.3531,0.38,0
493,4,5,349055,0.8863,8,0.4865,0.5286,0.8558,0.4301,0
494,2,9,318994,0.3084,8,0.684,0.1374,0.2226,0.6278,0
495,6,12,395945,0.4433,10,0.3982,0.6573,0.8008,0.213,0
496,12,2,168626,0.6286,1,0.8964,0.2125,0.3111,0.5696,0
497,11,9,416604,0.8654,7,0.8316,0.4266,0.0774,0.0704,0
498,10,5,470054,0.2522,1,0.2325,0.426,0.8427,0.1801,1
499,7,4,425681,0.2882,9,0.0581,0.7297,0.6268,0.3717,0
500,3,12,333608,0.9123,6,0.2916,0.8329,0.5894,0.3934,0
501,5,13,365071,0.0359,1,0.0989,0.5996,0.8634,0.9753,0
502,10,6,236997,0.8283,5,0.1702,0.6552,0.2037,0.0428,0
503,10,6,431435,0.0818,4,0.9746,0.7766,0.1597,0.8411,0
504,6,4,383845,0.6133,7,0.2235,0.0293,0.5999,0.8976,1
505,10,13,218708,0.1394,9,0.4568,0.2527,0.451,0.4551,1
506,13,3,381711,0.5161,2,0.477,0.6308,0.3843,0.5226,0
507,3,8,331492,0.3104,9,0.4736,0.4099,0.0861,0.2443,0
508,2,3,487690,0.4786,7,0.3568,0.4932,0.4216,0.9808,0
509,13,2,156384,0.9706,7,0.4718,0.4844,0.748,0.0318,1
510,2,8,144683,0.5989,6,0.9592,0.8001,0.5748,0.1996,0
511,3,6,83148,0.4289,3,0.3494,0.205,0.7564,0.185,0
512,11,13,401494,0.2897,6,0.3152,0.5296,0.4078,0.2596,0
513,10,2,445077,0.4959,5,0.2352,0.5936,0.7298,0.3001,0
514,4,10,163103,0.4517,5,0.0409,0.944,0.7337,0.8398,1
515,12,7,459375,0.831,1,0.452,0.9748,0.6281,0.2737,0
516,15,3,203143,0.186,6,0.3126,0.3844,0.7515,0.7839,1
517,3,12,469374,0.7203,9,0.8551,0.3008,0.8432,0.5735,0
518,10,12,219429,0.7,7,0.7213,0.9636,0.015,0.7583,0
519,12,10,101160,0.5354,4,0.702,0.9613,0.6879,0.3266,1
520,9,5,165192,0.7987,3,0.276,0.2575,0.9501,0.2802,0
521,14,13,371400,0.6085,5,0.6722,0.6044,0.8691,0.0205,1
522,1,10,39392,0.0311,6,0.7262,0.7013,0.0469,0.6659,1
523,10,13,32264,0.5856,1,0.2687,0.6415,0.8734,0.4438,0
524,7,4,52676,0.5993,3,0.8238,0.9501,0.8109,0.692,1
525,10,7,397532,0.2374,8,0.8811,0.1597,0.2285,0.0048,1
526,5,11,30255,0.5029,7,0.2468,0.2601,0.3187,0.0617,0
527,4,12,450698,0.2741,1,0.6087,0.7181,0.8525,0.1305,0
528,2,1,264677,0.0286,8,0.3681,0.4238,0.9231,0.3582,0
529,9,3,265288,0.7963,5,0.5743,0.6325,0.4574,0.3995,1
530,4,4,410139,0.2587,2,0.4165,0.5219,0.0947,0.3828,1
531,15,1,120467,0.3498,10,0.893,0.2721,0.3819,0.6656,0
532,14,11,135872,0.19,4,0.2024,0.6241,0.7927,0.1566,1
533,12,12,377294,0.9543,7,0.5171,0.4461,0.022,0.676,0
534,10,4,212503,0.3726,4,0.7192,0.6584,0.5617,0.1459,1
535,2,3,78572,0.1846,5,0.8095,0.311,0.5351,0.0706,1
536,3,12,351337,0.1349,1,0.3933,0.1717,0.9305,0.5597,0
537,14,4,190379,0.7804,2,0.1271,0.7836,0.99,0.7924,0
538,2,3,253314,0.1374,4,0.8417,0.1279,0.6636,0.5179,1
539,9,5,335741,0.7788,9,0.0947,0.6842,0.2002,0.6388,0
540,14,10,431460,0.8155,4,0.1633,0.6007,0.6672,0.9765,1
541,8,12,56143,0.0392,5,0.3262,0.608,0.5231,0.8587,0
542,3,1,366511,0.1444,3,0.0522,0.914,0.7193,0.6765,0
543,5,9,170522,0.3136,3,0.4239,0.6786,0.7731,0.2785,0
544,15,8,247437,0.2718,2,0.1571,0.536,0.4256,0.0832,1
545,6,10,80607,0.73,5,0.3156,0.3154,0.2325,0.5772,1
546,2,10,477070,0.4074,6,0.4671,0.7787,0.7649,0.9576,1
547,10,5,345562,0.9357,3,0.6925,0.0887,0.2902,0.6376,1
548,11,12,211025,0.9171,5,0.6697,0.3816,0.9346,0.1197,1
549,3,13,132846,0.1079,10,0.6354,0.8984,0.6897,0.9972,0
550,7,9,127920,0.7581,9,0.7045,0.2324,0.2578,0.8597,0
551,11,4,498588,0.0774,3,0.7948,0.3983,0.395,0.1801,1
552,7,6,159264,0.5286,10,0.019,0.1391,0.404,0.8765,0
553,4,11,410122,0.6187,10,0.5891,0.6855,0.1226,0.6836,1
554,9,6,359056,0.5892,5,0.5085,0.849,0.0645,0.4078,0
555,2,12,87458,0.3102,4,0.6295,0.1217,0.8575,0.5695,1
556,13,13,375658,0.673,3,0.5946,0.8641,0.3414,0.2379,0
557,1,5,50933,0.7,10,0.3326,0.1307,0.4257,0.2541,0
558,3,10,345815,0.1809,6,0.1094,0.3164,0.4108,0.6423,0
559,8,1,326229,0.0106,9,0.4493,0.5584,0.4239,0.2603,1
560,2,2,185571,0.7745,6,0.6224,0.5003,0.8891,0.3441,0
561,1,7,218092,0.7337,3,0.9635,0.7099,0.6938,0.928,0
562,10,11,415328,0.3761,6,0.1221,0.2056,0.1357,0.837,0
563,5,1,101763,0.4483,1,0.0162,0.3634,0.7351,0.8188,0
564,2,12,435762,0.4572,7,0.5032,0.9364,0.9562,0.1749,0
565,5,13,195111,0.4087,7,0.9406,0.8546,0.5942,0.6035,1
566,2,9,162211,0.9452,5,0.7077,0.4071,0.2523,0.6815,1
567,2,4,94967,0.9878,6,0.4801,0.0905,0.1841,0.5633,0
568,9,5,86001,0.2952,9,0.7178,0.9414,0.8081,0.1031,1
569,3,10,445983,0.9225,9,0.8853,0.8883,0.7165,0.8439,0
570,1,11,209525,0.6184,4,0.9988,0.1341,0.9206,0.4619,0
571,14,4,331631,0.7646,10,0.7308,0.5981,0.4019,0.4195,0
572,5,11,106588,0.0119,1,0.995,0.4317,0.9818,0.7244,0
573,9,10,207626,0.0873,3,0.1137,0.5685,0.7425,0.4617,0
574,5,9,214221,0.4953,2,0.5591,0.1061,0.3283,0.9506,1
575,1,8,50486,0.0287,9,0.3579,0.8768,0.6509,0.7747,1
576,15,10,118372,0.1728,3,0.028,0.8098,0.8703,0.1316,0
577,2,6,355202,0.3183,8,0.8089,0.5736,0.736,0.0347,1
578,4,1,317482,0.9538,9,0.2334,0.3582,0.3685,0.2924,0
579,7,10,417618,0.3843,6,0.033,0.2177,0.1315,0.9472,1
580,9,7,385002,0.2473,2,0.7487,0.7832,0.0178,0.026,1
581,15,9,294690,0.5326,2,0.3044,0.9829,0.1228,0.1396,0
582,3,9,499451,0.327,8,0.0039,0.2035,0.6989,0.5686,0
583,15,2,254085,0.6869,9,0.7908,0.7795,0.0617,0.1461,0
584,4,10,77122,0.61,9,0.4756,0.7636,0.1749,0.1569,1
585,7,9,80759,0.9949,6,0.2436,0.1157,0.4555,0.36,1
586,13,11,377954,0.7178,7,0.5117,0.5158,0.7123,0.7193,1
587,14,3,61298,0.1879,7,0.9727,0.5858,0.9804,0.2505,1
588,12,5,370410,0.8201,7,0.7694,0.1669,0.9777,0.5661,1
589,5,4,291966,0.8247,4,0.851,0.9279,0.7777,0.6165,0
590,1,8,437584,0.134,2,0.0065,0.0249,0.5407,0.4078,1
591,8,10,338650,0.7195,7,0.9581,0.8313,0.3758,0.6243,1
592,4,9,71222,0.7159,10,0.7988,0.8126,0.2701,0.7253,0
593,14,7,276837,0.0769,5,0.0253,0.5378,0.0765,0.4857,0
594,6,8,363890,0.9813,8,0.8539,0.1561,0.0034,0.8398,0
595,3,12,470124,0.7048,5,0.6885,0.275,0.7745,0.9378,1
596,5,5,349633,0.2945,7,0.9622,0.1133,0.2111,0.8725,0
597,3,4,227444,0.6937,3,0.3156,0.5809,0.5242,0.5952,0
598,6,5,197794,0.9699,6,0.8225,0.6926,0.3439,0.3913,0
599,9,8,491656,0.6476,9,0.6554,0.6729,0.2852,0.2904,0
600,8,6,39602,0.5916,4,0.2374,0.2623,0.0001,0.2765,0
601,2,3,195578,0.3593,9,0.0758,0.225,0.4045,0.7841,1
602,6,3,331506,0.703,9,0.7196,0.9099,0.6513,0.9523,1
603,1,3,309683,0.983,7,0.2736,0.7086,0.1768,0.4319,0
604,1,11,142724,0.3313,2,0.5577,0.371,0.2646,0.1343,1
605,12,12,268912,0.352,1,0.247,0.3612,0.1577,0.4818,0
606,12,6,99645,0.1412,5,0.6886,0.4071,0.2158,0.1953,0
607,4,13,225619,0.6387,1,0.8855,0.5534,0.9911,0.3407,0
608,11,9,39313,0.6065,4,0.0445,0.9984,0.1008,0.4635,0
609,11,13,336413,0.3019,2,0.6574,0.3773,0.1313,0.1154,0
610,14,8,466788,0.1204,10,0.117,0.9644,0.0029,0.4015,1
611,15,4,386815,0.3336,3,0.8062,0.2097,0.0723,0.0114,1
612,8,3,59502,0.5167,4,0.8221,0.919,0.3293,0.1041,0
613,8,13,92433,0.3138,9,0.2628,0.6142,0.0062,0.0994,0
614,8,1,136125,0.6227,9,0.2993,0.6048,0.5708,0.6083,0
615,1,1,360433,0.4262,10,0.9512,0.6662,0.0135,0.2759,1
616,10,13,34774,0.562,5,0.257,0.7739,0.4587,0.187,1
617,9,5,334735,0.723,7,0.841,0.1102,0.0742,0.0276,0
618,3,10,376281,0.3846,4,0.7853,0.2942,0.1196,0.3546,0
619,4,2,157267,0.7724,7,0.6484,0.8802,0.7361,0.949,1
620,13,10,48310,0.8666,4,0.207,0.4491,0.1742,0.4015,0
621,14,3,284708,0.2416,3,0.7782,0.1896,0.8453,0.8678,0
622,4,9,146927,0.9029,10,0.5135,0.2105,0.3725,0.7703,1
623,13,6,156924,0.6359,10,0.2759,0.8403,0.1405,0.6441,1
624,13,10,94574,0.3258,3,0.8442,0.447,0.2219,0.8812,1
625,12,12,100544,0.3512,5,0.2737,0.9674,0.7053,0.0659,0
626,6,2,344398,0.8801,6,0.2832,0.8096,0.4665,0.6663,0
627,8,13,233653,0.655,2,0.8564,0.8229,0.4701,0.0517,1
628,15,1,402551,0.6418,9,0.606,0.7117,0.0694,0.6917,0
629,12,8,184746,0.8513,1,0.5754,0.1268,0.0124,0.3952,1
630,15,5,153889,0.8495,4,0.0933,0.7319,0.3157,0.3431,1
631,9,8,366838,0.0583,8,0.4347,0.4229,0.0569,0.5758,0
632,8,13,124050,0.2741,5,0.7164,0.4253,0.9983,0.5592,0
633,14,8,440088,0.0365,9,0.6425,0.9409,0.3632,0.4454,0
634,4,8,130537,0.5059,4,0.2805,0.2094,0.8076,0.9242,1
635,9,12,429253,0.3736,3,0.4525,0.6727,0.6941,0.201,1
636,9,1,433013,0.4901,5,0.4242,0.8165,0.1251,0.3594,0
637,10,5,397942,0.6668,1,0.3633,0.3543,0.3448,0.0418,0
638,10,6,388217,0.5007,4,0.0952,0.1054,0.3067,0.5882,1
639,3,11,250253,0.5009,8,0.6699,0.2587,0.3335,0.7037,0
640,1,1,43081,0.5841,7,0.095,0.6562,0.3821,0.6559,0
641,15,13,116411,0.4624,8,0.4132,0.199,0.5639,0.3298,0
642,13,12,439338,0.9417,8,0.3201,0.8449,0.8698,0.5081,1
643,11,12,439468,0.9968,9,0.3652,0.4528,0.3976,0.4388,0
644,8,6,490420,0.2328,9,0.6623,0.5011,0.7469,0.6121,1
645,1,13,223921,0.6568,2,0.9499,0.5812,0.4202,0.9916,0
646,4,3,126999,0.9211,4,0.9235,0.7288,0.0988,0.1829,0
647,9,6,366590,0.6948,2,0.7998,0.0854,0.7779,0.3701,0
648,7,13,130025,0.1877,7,0.1289,0.72,0.1347,0.3338,1
649,10,10,395200,0.4255,8,0.0956,0.6733,0.4079,0.1387,0
650,15,6,76781,0.5166,1,0.7867,0.4002,0.0991,0.2875,0
651,6,12,448261,0.7528,8,0.1261,0.65,0.1436,0.5964,0
652,10,13,52197,0.068,7,0.1439,0.6915,0.0856,0.0297,1
653,8,4,261456,0.4741,7,0.9446,0.3852,0.1568,0.4286,0
654,14,8,137420,0.3663,10,0.3215,0.5013,0.2801,0.6091,1
655,12,5,339650,0.4966,9,0.0739,0.5013,0.0827,0.6154,1
656,14,2,425595,0.7486,5,0.5947,0.5094,0.5575,0.0285,1
657,9,8,383071,0.7138,5,0.0873,0.032,0.557,0.9988,1
658,2,7,287253,0.8599,10,0.2078,0.636,0.4579,0.9303,1
659,10,3,59023,0.505,4,0.3943,0.2236,0.9357,0.921,0
660,13,8,83713,0.6421,2,0.1603,0.0446,0.528,0.2907,1
661,12,7,382809,0.7139,10,0.9194,0.0656,0.3384,0.5142,0
662,1,11,222176,0.708,3,0.8418,0.1924,0.352,0.0878,1
663,14,1,404189,0.593,4,0.6686,0.9935,0.454,0.5819,1
664,8,9,207755,0.0846,10,0.0907,0.7445,0.8251,0.2265,1
665,15,5,399669,0.8735,10,0.1061,0.5307,0.2417,0.7418,0
666,8,12,446782,0.3934,9,0.5857,0.8969,0.7558,0.6121,1
667,14,4,480105,0.3373,4,0.495,0.1026,0.4939,0.0555,1
668,14,10,498842,0.6361,6,0.8011,0.8386,0.07,0.735,1
669,12,1,69718,0.6623,10,0.2987,0.3798,0.756,0.7297,0
670,5,13,77972,0.0268,4,0.7232,0.1362,0.6489,0.7226,0
671,3,3,253545,0.904,1,0.8646,0.4147,0.1576,0.2659,1
672,3,10,468630,0.3972,4,0.565,0.7304,0.1661,0.0712,1
673,11,3,483293,0.6563,8,0.441,0.0072,0.1195,0.5262,0
674,15,13,441744,0.0686,8,0.8292,0.2594,0.6168,0.6661,0
675,5,2,244402,0.2028,3,0.9205,0.7119,0.8736,0.1502,1
676,6,12,349274,0.8088,8,0.1156,0.801,0.3538,0.3348,0
677,11,12,444848,0.2239,4,0.2178,0.7918,0.1607,0.2638,0
678,10,10,350724,0.5862,1,0.4886,0.1997,0.2389,0.1603,1
679,9,10,195305,0.9717,4,0.6245,0.5134,0.3981,0.3583,1
680,9,6,63801,0.062,6,0.8337,0.3764,0.6985,0.4879,1
681,1,2,271725,0.5655,9,0.5675,0.8153,0.1655,0.796,1
682,15,3,364080,0.6156,10,0.6788,0.3177,0.7132,0.9448,0
683,5,2,335011,0.6354,10,0.2622,0.1218,0.031,0.4666,1
684,4,7,127003,0.6371,7,0.6399,0.731,0.1383,0.8996,0
685,3,10,63161,0.229,5,0.2156,0.0577,0.9302,0.7059,1
686,2,9,248848,0.4876,1,0.5931,0.4666,0.3815,0.2913,0
687,9,7,45213,0.1718,7,0.0919,0.4534,0.7936,0.9573,0
688,15,13,122353,0.4499,6,0.6385,0.2268,0.5052,0.8475,1
689,13,3,355769,0.5488,4,0.515,0.4885,0.278,0.5715,0
690,13,5,176690,0.2842,3,0.1532,0.6711,0.5164,0.2512,1
691,12,13,154236,0.7915,5,0.9143,0.5112,0.2137,0.6511,1
692,1,3,170827,0.2061,4,0.9133,0.2918,0.9982,0.5666,1
693,8,11,381493,0.4085,9,0.5967,0.5958,0.0292,0.8197,1
694,2,6,333652,0.6301,6,0.591,0.1952,0.1478,0.3087,0
695,9,1,347810,0.8419,6,0.1188,0.3272,0.3951,0.4806,0
696,4,2,70024,0.2162,3,0.2883,0.9467,0.676,0.2153,0
697,11,9,469970,0.782,4,0.1929,0.7986,0.5106,0.9281,1
698,13,11,173742,0.0422,8,0.0825,0.4513,0.285,0.7217,1
699,10,8,495444,0.9515,7,0.2187,0.6431,0.0326,0.3615,1
700,7,13,217861,0.5111,9,0.8543,0.6563,0.0954,0.2843,0
701,13,7,304148,0.7206,9,0.3577,0.1212,0.4865,0.5674,0
702,4,7,197388,0.1175,9,0.6525,0.0191,0.7797,0.6075,1
703,7,7,246989,0.6869,2,0.7599,0.8786,0.2491,0.5422,1
704,4,5,349565,0.4071,2,0.4044,0.3697,0.2161,0.3694,0
705,3,8,419096,0.6923,1,0.49,0.6265,0.365,0.164,1
706,13,9,390635,0.9337,7,0.6328,0.8713,0.1288,0.5503,0
707,15,7,357276,0.3951,3,0.5639,0.7127,0.4101,0.2742,1
708,13,12,117238,0.8604,7,0.8791,0.9254,0.0105,0.2979,1
709,11,2,134410,0.1862,3,0.4938,0.2389,0.2613,0.2268,1
710,6,6,144395,0.5945,6,0.9601,0.791,0.7007,0.567,1
711,12,3,221836,0.9931,8,0.9399,0.5545,0.8008,0.0356,0
712,6,8,243384,0.199,1,0.2847,0.6874,0.823,0.5371,1
713,4,4,311350,0.5803,5,0.5655,0.6162,0.74,0.1642,1
714,1,7,30474,0.745,8,0.893,0.4158,0.673,0.1016,0
715,15,2,368967,0.4576,7,0.3815,0.8639,0.4625,0.6203,0
716,7,7,215090,0.6836,3,0.6304,0.2378,0.2378,0.3415,0
717,9,3,367547,0.1733,9,0.0219,0.6952,0.0672,0.9967,0
718,12,9,31039,0.1222,7,0.5775,0.6773,0.3403,0.4124,1
719,6,6,272968,0.5758,4,0.8614,0.9031,0.1678,0.9097,0
720,3,10,251593,0.2311,9,0.5637,0.3157,0.8358,0.881,0
721,14,1,67310,0.5759,10,0.1158,0.8722,0.2721,0.4734,0
722,2,6,378899,0.6973,3,0.0491,0.5186,0.2456,0.6035,1
723,9,11,423685,0.0085,7,0.6528,0.6366,0.6995,0.4258,1
724,14,3,480910,0.5172,3,0.0467,0.7561,0.8687,0.0972,1
725,3,9,239827,0.8436,9,0.6606,0.0273,0.4367,0.3873,1
726,11,12,35229,0.2205,5,0.8839,0.7994,0.9564,0.2308,0
727,10,6,316546,0.8486,1,0.0259,0.9337,0.0181,0.4166,1
728,10,2,397671,0.4193,10,0.2731,0.7405,0.8409,0.9924,1
729,6,9,460573,0.8718,6,0.1664,0.987,0.0947,0.3735,1
730,3,12,298406,0.1088,1,0.6443,0.0186,0.2825,0.2307,0
731,9,13,55897,0.1669,9,0.2255,0.5812,0.7184,0.7592,1
732,11,5,396664,0.1651,10,0.306,0.194,0.5013,0.7819,0
733,2,13,349086,0.7879,9,0.1351,0.689,0.0201,0.0089,0
734,2,5,386024,0.9268,5,0.9833,0.5345,0.1587,0.3365,0
735,9,4,340804,0.9264,7,0.1721,0.9239,0.7354,0.1035,0
736,4,12,96082,0.7016,3,0.1163,0.2352,0.6547,0.6347,0
737,7,3,498725,0.7077,1,0.1391,0.1245,0.0732,0.5178,0
738,15,10,340945,0.6916,3,0.083,0.5618,0.7693,0.3088,1
739,5,2,488784,0.1211,8,0.0063,0.3295,0.6577,0.5735,1
740,3,10,277406,0.8064,4,0.8079,0.2672,0.2302,0.1283,0
741,7,12,414245,0.2589,9,0.7697,0.0607,0.9933,0.775,0
742,6,1,214101,0.4446,4,0.7866,0.0395,0.6642,0.7452,0
743,6,3,113538,0.4469,7,0.3939,0.6467,0.6636,0.8788,1
744,3,4,446612,0.5277,7,0.9757,0.6553,0.4722,0.8153,1
745,10,1,135653,0.8001,6,0.7431,0.1347,0.7095,0.3868,0
746,13,12,236937,0.6213,9,0.0999,0.7399,0.6136,0.0074,0
747,4,10,97412,0.7187,6,0.3077,0.1566,0.2234,0.4869,0
748,6,12,118664,0.531,5,0.7778,0.0997,0.4816,0.2913,0
749,4,12,455652,0.5683,4,0.98,0.0535,0.3076,0.2185,0
750,12,7,67036,0.612,1,0.5408,0.1202,0.224,0.2606,1
751,9,3,470917,0.0572,1,0.5958,0.732,0.3298,0.7447,1
752,12,2,387661,0.7094,8,0.0567,0.4731,0.0102,0.5875,0
753,12,7,237909,0.8385,10,0.7711,0.4786,0.7298,0.412,0
754,1,1,171766,0.0877,4,0.9375,0.7696,0.2991,0.4726,1
755,2,6,106170,0.3896,10,0.3708,0.7001,0.9995,0.0968,0
756,15,13,452952,0.2851,2,0.2314,0.4125,0.8622,0.8028,1
757,1,6,157186,0.732,10,0.0708,0.7443,0.2793,0.9045,0
758,6,3,41297,0.2819,1,0.9188,0.3551,0.0659,0.2568,0
759,8,6,498124,0.5074,5,0.819,0.3993,0.4395,0.4478,0
760,3,9,494064,0.2139,7,0.5906,0.5265,0.9858,0.9571,1
761,13,7,314344,0.9266,7,0.5245,0.8621,0.0977,0.3499,0
762,7,11,271646,0.8939,7,0.837,0.9032,0.1049,0.1356,1
763,14,6,71192,0.1234,3,0.9013,0.8695,0.622,0.4473,0
764,13,3,159812,0.755,2,0.8784,0.6249,0.9297,0.504,0
765,14,6,263799,0.9515,5,0.1498,0.2339,0.0564,0.2113,1
766,7,7,338368,0.7981,2,0.5645,0.3712,0.7985,0.7395,1
767,1,8,281274,0.0159,2,0.4211,0.5574,0.3721,0.277,0
768,15,4,91628,0.4327,7,0.0526,0.1281,0.7385,0.5294,1
769,14,6,336688,0.6489,2,0.3672,0.2677,0.3886,0.5359,0
770,6,10,385287,0.7093,3,0.2505,0.4444,0.1431,0.3433,1
771,10,8,214027,0.7135,6,0.5166,0.7844,0.316,0.4675,1
772,1,2,60133,0.1721,6,0.3605,0.9063,0.1087,0.8314,0
773,3,4,288637,0.4526,9,0.4151,0.1484,0.7029,0.2083,1
774,10,4,159327,0.6089,4,0.433,0.7333,0.4397,0.5357,1
775,13,3,353137,0.8226,10,0.8034,0.354,0.1756,0.1257,1
776,6,2,144045,0.9948,4,0.1782,0.0324,0.2092,0.3326,0
777,1,3,30509,0.5907,8,0.9972,0.9505,0.7391,0.6306,0
778,15,7,70039,0.118,7,0.3612,0.6284,0.0238,0.9861,1
779,13,5,481931,0.1857,4,0.8012,0.9667,0.1879,0.4019,0
780,9,3,86675,0.2621,1,0.6367,0.1369,0.6375,0.674,0
781,8,2,292745,0.3606,9,0.3854,0.7342,0.4897,0.5892,1
782,1,9,47138,0.4753,6,0.9054,0.266,0.0533,0.7204,0
783,12,13,261391,0.589,2,0.897,0.9198,0.254,0.5854,0
784,9,13,297412,0.4601,4,0.4638,0.3927,0.2783,0.3793,1
785,8,10,427088,0.8563,10,0.3941,0.3096,0.8112,0.3222,1
786,1,1,261576,0.7683,7,0.1106,0.9852,0.4255,0.8685,0
787,15,9,470080,0.6343,6,0.6828,0.3234,0.979,0.5165,0
788,14,11,452442,0.1071,10,0.2516,0.4533,0.9068,0.659,1
789,13,12,378497,0.3459,2,0.9963,0.825,0.2837,0.3628,0
790,8,7,277670,0.9956,8,0.0387,0.2078,0.2815,0.5209,0
791,3,13,400855,0.9994,7,0.3807,0.837,0.7265,0.8823,1
792,11,3,370015,0.6593,5,0.6459,0.5566,0.8408,0.0775,0
793,8,4,269130,0.8947,3,0.6141,0.5287,0.9119,0.0042,0
794,13,4,268461,0.6592,9,0.5603,0.0723,0.3517,0.3951,1
795,2,2,233300,0.0234,2,0.5564,0.2188,0.3837,0.9256,0
796,12,1,424963,0.1599,2,0.0507,0.0666,0.8078,0.5239,1
797,3,11,81869,0.1913,4,0.8725,0.3413,0.6109,0.7975,1
798,15,7,140948,0.8872,2,0.9036,0.0546,0.2256,0.2674,1
799,5,5,162018,0.4151,5,0.9957,0.0491,0.3578,0.4501,1
800,14,7,452703,0.2134,9,0.2074,0.0368,0.0796,0.147,0
801,14,11,484289,0.5302,5,0.4541,0.9147,0.1915,0.2467,1
802,9,5,383257,0.0016,8,0.5935,0.6919,0.9091,0.7159,1
803,6,6,116432,0.8037,1,0.1827,0.3976,0.5342,0.3966,1
804,2,5,53764,0.254,3,0.8662,0.7795,0.8852,0.0097,0
805,15,7,132354,0.0856,3,0.8243,0.7575,0.169,0.718,0
806,9,8,307070,0.8989,9,0.2153,0.6119,0.2967,0.9291,1
807,9,6,124717,0.1678,6,0.7428,0.0696,0.9383,0.1052,0
808,10,11,213407,0.0263,4,0.8222,0.829,0.4526,0.1617,0
809,5,1,33359,0.1381,9,0.4054,0.5589,0.7952,0.0392,1
810,1,2,43367,0.8581,5,0.6805,0.1996,0.766,0.3657,1
811,11,8,411413,0.6745,9,0.6789,0.5957,0.5504,0.1639,1
812,15,12,411112,0.3416,7,0.4955,0.2344,0.2848,0.5137,0
813,11,5,448063,0.4997,2,0.4321,0.8339,0.9109,0.1249,0
814,1,6,426148,0.6518,1,0.1356,0.2874,0.7613,0.9173,0
815,10,13,322744,0.2499,4,0.012,0.7317,0.4503,0.8903,0
816,11,3,252872,0.1855,9,0.9171,0.7664,0.2069,0.9978,1
817,8,5,397042,0.6587,4,0.0706,0.1509,0.2498,0.2986,1
818,8,11,57257,0.9928,2,0.6547,0.4244,0.683,0.2284,0
819,1,10,291060,0.138,9,0.8379,0.3176,0.0154,0.5394,1
820,4,1,360213,0.3253,2,0.5326,0.3867,0.9978,0.8052,0
821,8,6,107551,0.7727,6,0.6798,0.4272,0.8193,0.1962,0
822,11,9,443822,0.0714,10,0.5613,0.2407,0.094,0.5965,1
823,11,11,141023,0.8454,5,0.9781,0.7053,0.2875,0.5602,0
824,2,6,413233,0.251,2,0.9082,0.7863,0.9006,0.0578,0
825,9,4,36617,0.5641,7,0.6341,0.9741,0.5592,0.8062,1
826,10,2,360851,0.0203,5,0.8795,0.5403,0.6166,0.8381,0
827,4,2,197564,0.0147,6,0.6444,0.3827,0.0835,0.6092,0
828,12,2,262529,0.9759,6,0.0755,0.4047,0.5691,0.266,1
829,15,11,68062,0.8847,10,0.9016,0.0502,0.6201,0.9648,0
830,1,13,406899,0.2778,4,0.9214,0.5194,0.1014,0.168,0
831,1,6,437142,0.7259,6,0.3551,0.3397,0.902,0.7508,1
832,8,8,164773,0.8714,10,0.5417,0.5282,0.7481,0.1185,1
833,6,2,262469,0.3389,9,0.2305,0.3967,0.4208,0.8906,1
834,13,7,485383,0.154,4,0.7597,0.3386,0.5458,0.0996,1
835,11,3,129323,0.0913,6,0.4251,0.7877,0.482,0.7603,0
836,1,6,239487,0.0424,6,0.4624,0.566,0.7412,0.8183,1
837,5,5,422670,0.6646,4,0.3647,0.7827,0.5449,0.2046,0
838,4,12,192544,0.8015,8,0.8016,0.8748,0.136,0.8863,1
839,10,5,468008,0.1129,6,0.0318,0.1363,0.6293,0.0384,1
840,7,4,144828,0.3722,7,0.8439,0.8016,0.8498,0.2799,0
841,10,5,118068,0.3908,7,0.6767,0.6242,0.5052,0.5451,1
842,9,13,283060,0.9835,9,0.0856,0.8139,0.4772,0.7153,0
843,10,3,249304,0.508,5,0.6787,0.739,0.5137,0.4749,0
844,5,7,242829,0.3613,4,0.8118,0.1878,0.7817,0.399,1
845,11,3,225365,0.7904,2,0.5179,0.3625,0.6951,0.5428,0
846,14,13,286418,0.0592,9,0.608,0.6244,0.3819,0.9621,0
847,2,1,417118,0.4658,10,0.2421,0.2505,0.9714,0.6115,0
848,12,12,410863,0.498,5,0.8002,0.0019,0.7813,0.8152,1
849,12,8,495376,0.1273,10,0.9816,0.0354,0.4298,0.0767,0
850,2,5,227399,0.755,4,0.2526,0.6371,0.2356,0.1277,0
851,15,11,137490,0.5133,3,0.8117,0.4124,0.5646,0.2407,0
852,4,9,103783,0.6496,8,0.3665,0.8406,0.211,0.0097,0
853,3,4,54193,0.4851,5,0.8845,0.6126,0.576,0.7452,1
854,15,11,435140,0.8089,10,0.6535,0.4725,0.8657,0.9147,0
855,14,11,40835,0.7513,6,0.3518,0.2932,0.1673,0.0873,0
856,13,3,498256,0.9553,3,0.046,0.7954,0.9884,0.4144,0
857,5,2,432719,0.2508,10,0.1227,0.667,0.6089,0.6295,1
858,5,6,225014,0.5085,4,0.6675,0.1208,0.1657,0.6626,0
859,1,1,482481,0.0252,7,0.1704,0.764,0.554,0.2471,1
860,14,5,453901,0.4276,4,0.668,0.8093,0.5311,0.7656,1
861,4,11,419766,0.0043,2,0.9521,0.3418,0.2338,0.5509,0
862,8,1,229032,0.8451,1,0.1694,0.4371,0.8997,0.4153,1
863,2,8,474731,0.1993,10,0.7302,0.0364,0.1798,0.9411,0
864,5,11,34970,0.2819,9,0.1133,0.2191,0.7968,0.1066,0
865,4,13,393902,0.5835,6,0.6394,0.403,0.8168,0.4859,0
866,15,4,428661,0.3687,8,0.2949,0.4658,0.7566,0.5868,0
867,5,4,158432,0.5459,7,0.4058,0.1633,0.4847,0.3012,1
868,9,7,53038,0.738,3,0.7458,0.2157,0.9329,0.8254,0
869,11,13,138719,0.3498,8,0.2908,0.0833,0.9838,0.2466,1
870,6,7,209601,0.1922,9,0.7667,0.0747,0.0062,0.8425,1
871,2,4,30398,0.882,3,0.8578,0.3384,0.7089,0.0771,1
872,5,13,130064,0.2092,6,0.0012,0.1547,0.4584,0.6585,0
873,4,9,123312,0.5829,7,0.2233,0.5123,0.1799,0.6674,0
874,14,5,409987,0.0632,10,0.8304,0.1581,0.8097,0.3362,1
875,15,13,464828,0.878,4,0.6264,0.8975,0.443,0.4711,1
876,13,9,38621,0.9947,6,0.4396,0.3002,0.3218,0.9223,0
877,14,6,246836,0.4235,8,0.0354,0.4327,0.0035,0.4699,0
878,5,13,432781,0.2859,8,0.8463,0.1757,0.6307,0.6374,0
879,10,8,214123,0.4556,6,0.1808,0.1002,0.7388,0.8094,1
880,14,5,142455,0.308,3,0.7894,0.4723,0.7506,0.3251,0
881,7,5,454174,0.328,3,0.417,0.0686,0.1804,0.2235,0
882,2,2,230720,0.2621,5,0.3201,0.889,0.8005,0.7809,0
883,9,1,136459,0.978,6,0.4744,0.0455,0.8655,0.0545,1
884,12,6,48167,0.2085,1,0.3297,0.9033,0.416,0.5704,1
885,8,6,445697,0.1395,7,0.8851,0.0834,0.9699,0.2596,1
886,9,5,440334,0.7504,3,0.5023,0.7655,0.9869,0.177,0
887,11,7,150011,0.8558,2,0.0612,0.1375,0.076,0.6657,0
888,7,13,254210,0.565,5,0.5818,0.6528,0.8034,0.8947,0
889,1,9,213480,0.4632,5,0.522,0.2437,0.322,0.3055,1
890,14,6,293893,0.1896,3,0.0191,0.1808,0.8064,0.4015,0
891,5,5,341686,0.377,7,0.8037,0.7357,0.2784,0.0413,0
892,11,5,177701,0.8684,1,0.1411,0.9603,0.8517,0.5206,0
893,8,10,335680,0.251,7,0.1298,0.6318,0.6046,0.2036,1
894,1,4,142359,0.3748,7,0.162,0.5112,0.6677,0.6644,0
895,1,8,79443,0.2801,10,0.4935,0.8046,0.7271,0.0386,1
896,15,5,108731,0.0263,4,0.0003,0.6065,0.9587,0.4912,1
897,11,10,102445,0.5233,8,0.0659,0.0706,0.7541,0.3918,1
898,4,6,437493,0.9688,5,0.4251,0.1448,0.8264,0.1672,0
899,14,13,216529,0.2122,5,0.5088,0.225,0.0141,0.6597,0
900,5,13,452838,0.6527,6,0.7102,0.1009,0.9379,0.3753,0
901,10,4,43160,0.6376,6,0.2548,0.5164,0.0318,0.4483,1
902,9,1,191868,0.4784,8,0.1096,0.6517,0.4902,0.9087,0
903,7,11,349981,0.0814,9,0.2516,0.8327,0.8442,0.3946,0
904,14,12,111497,0.7635,6,0.5035,0.8501,0.1154,0.19,1
905,10,7,362111,0.0744,2,0.2808,0.6273,0.9269,0.845,1
906,9,13,388931,0.5733,3,0.6573,0.0811,0.0951,0.1027,1
907,13,5,335539,0.2158,2,0.0721,0.204,0.5308,0.8649,1
908,15,11,312555,0.2032,3,0.5254,0.2894,0.9287,0.303,1
909,4,12,353161,0.9334,4,0.4505,0.6693,0.5262,0.3362,1
910,5,10,325492,0.0203,6,0.8356,0.9334,0.5031,0.0365,0
911,2,1,94678,0.2999,10,0.0373,0.2139,0.1642,0.5685,0
912,15,3,245955,0.6397,7,0.4642,0.1732,0.99,0.6671,0
913,12,2,128717,0.4081,7,0.7244,0.7077,0.5075,0.6435,0
914,4,13,418426,0.5692,4,0.9608,0.5325,0.2853,0.2543,1
915,13,2,320156,0.1326,8,0.5338,0.0836,0.7471,0.5896,1
916,1,13,484942,0.6477,8,0.2282,0.2336,0.3026,0.2829,0
917,7,10,337232,0.9915,2,0.9192,0.0702,0.5508,0.7389,1
918,13,11,155358,0.2133,7,0.4255,0.6612,0.4168,0.5834,1
919,14,9,37515,0.2342,5,0.9313,0.2091,0.4111,0.1983,0
920,3,12,136355,0.5506,2,0.7473,0.0587,0.0937,0.1,0
921,6,9,187009,0.6293,7,0.3806,0.9192,0.6109,0.2165,0
922,13,7,126507,0.0765,3,0.3598,0.5737,0.3693,0.8399,0
923,12,3,54798,0.2978,2,0.1804,0.0548,0.575,0.893,0
924,4,5,486517,0.8043,3,0.6109,0.4011,0.1142,0.2556,1
925,3,7,359403,0.4575,3,0.9878,0.1886,0.5831,0.3093,0
926,15,11,450019,0.9811,10,0.374,0.4334,0.4946,0.1104,1
927,4,8,124348,0.5898,4,0.0998,0.8907,0.9467,0.8319,1
928,6,4,229769,0.3898,2,0.067,0.7837,0.9318,0.009,1
929,10,12,91541,0.2183,9,0.336,0.6098,0.0173,0.1103,1
930,2,9,243739,0.3145,1,0.0745,0.6522,0.5379,0.4561,0
931,12,7,183435,0.18,1,0.5633,0.5922,0.6645,0.6359,0
932,2,12,123876,0.2947,1,0.7364,0.1618,0.8255,0.5629,0
933,14,12,171243,0.1237,9,0.7128,0.9847,0.0101,0.0946,0
934,15,10,278710,0.2132,6,0.3202,0.2114,0.096,0.6851,1
935,11,1,364103,0.6735,8,0.4146,0.7295,0.0134,0.9478,0
936,9,9,378855,0.4961,4,0.838,0.4819,0.0918,0.9657,1
937,4,13,427934,0.7145,1,0.3598,0.3894,0.4523,0.3673,1
938,2,6,123016,0.8393,7,0.9506,0.7841,0.0871,0.2425,1
939,6,9,131882,0.164,3,0.1007,0.5014,0.3305,0.3666,1
940,8,3,380410,0.5838,3,0.5375,0.4323,0.2865,0.5113,0
941,3,4,415451,0.383,5,0.8491,0.778,0.6176,0.3004,0
942,5,12,337499,0.8749,10,0.3811,0.7018,0.7567,0.0085,1
943,10,9,475727,0.3962,9,0.8162,0.2233,0.2135,0.7655,1
944,2,12,199485,0.5755,5,0.4541,0.2943,0.408,0.9716,0
945,1,9,299536,0.0713,4,0.4297,0.5503,0.2388,0.2473,1
946,2,4,246945,0.56,1,0.4761,0.7442,0.0299,0.7497,1
947,4,5,428315,0.0991,9,0.0506,0.6726,0.8256,0.4412,1
948,12,10,271527,0.7502,1,0.464,0.0945,0.8598,0.8889,0
949,12,10,310665,0.1828,8,0.0335,0.3389,0.6796,0.6353,1
950,5,11,296492,0.7736,6,0.0209,0.6166,0.432,0.3528,0
951,8,11,283284,0.0067,5,0.5203,0.1356,0.4909,0.755,1
952,5,11,91704,0.7736,8,0.5955,0.9324,0.9504,0.8992,0
953,9,9,400274,0.2242,8,0.9179,0.1983,0.5596,0.2425,1
954,15,11,489353,0.7574,7,0.1841,0.8847,0.5232,0.2332,0
955,12,10,92532,0.4149,4,0.9031,0.242,0.5885,0.5093,1
956,6,10,232003,0.8548,1,0.4176,0.2067,0.1292,0.8948,0
957,12,6,264356,0.0171,6,0.3088,0.128,0.5653,0.1887,1
958,7,3,76775,0.052,6,0.7194,0.8535,0.5009,0.4137,1
959,9,9,115045,0.6082,6,0.1514,0.9181,0.6516,0.355,1
960,12,1,99800,0.1478,9,0.4427,0.0978,0.6469,0.7427,1
961,9,1,245768,0.1744,4,0.6268,0.3531,0.0708,0.7825,1
962,5,13,397699,0.518,9,0.6191,0.9434,0.6019,0.2857,1
963,1,13,423630,0.9582,1,0.0989,0.5242,0.411,0.9511,1
964,1,2,352813,0.3436,6,0.925,0.6671,0.1682,0.5244,1
965,1,8,498236,0.8886,9,0.487,0.7219,0.5608,0.485,0
966,12,12,263661,0.0195,6,0.7247,0.6771,0.4733,0.1083,1
967,6,1,40368,0.2449,5,0.6832,0.7816,0.513,0.9732,0
968,4,11,183274,0.7156,6,0.1191,0.0512,0.1551,0.2304,0
969,10,7,131617,0.7516,9,0.4768,0.5092,0.2507,0.6013,0
970,3,1,410274,0.9007,2,0.2001,0.1462,0.5229,0.7536,1
971,10,2,274434,0.6886,7,0.8122,0.4716,0.7604,0.6464,1
972,15,3,263351,0.9036,10,0.5647,0.8708,0.9227,0.3564,1
973,5,9,223128,0.1577,1,0.8682,0.9925,0.5874,0.4192,1
974,2,11,135814,0.9866,5,0.5726,0.8554,0.4434,0.458,1
975,10,1,366168,0.658,8,0.3606,0.148,0.3683,0.3327,0
976,7,8,217316,0.4976,3,0.6416,0.9935,0.801,0.6064,0
977,3,7,367323,0.8476,7,0.2869,0.6932,0.8997,0.8896,1
978,10,9,143175,0.2124,9,0.5715,0.3696,0.506,0.2532,1
979,2,3,103992,0.1769,1,0.9021,0.7178,0.267,0.835,0
980,12,11,227142,0.9101,2,0.6736,0.1257,0.4352,0.5908,0
981,15,10,264517,0.1749,7,0.3886,0.0147,0.8449,0.15,1
982,7,12,374275,0.0379,8,0.5754,0.3397,0.4153,0.1183,1
983,4,4,474907,0.8341,1,0.5222,0.9982,0.2502,0.8337,1
984,8,6,124882,0.0816,5,0.3004,0.2228,0.8239,0.8609,0
985,1,6,54679,0.7036,1,0.5099,0.5627,0.7844,0.5089,0
986,2,9,190289,0.0439,1,0.9198,0.5047,0.3824,0.389,0
987,4,9,329224,0.8647,9,0.3931,0.0621,0.9786,0.9923,1
988,13,3,218875,0.9384,9,0.8419,0.0254,0.6939,0.0245,0
989,13,3,245375,0.7862,3,0.0294,0.8827,0.8224,0.7324,1
990,4,11,127278,0.4492,3,0.765,0.7458,0.4942,0.6503,1
991,1,6,133640,0.0439,8,0.8898,0.2296,0.591,0.9665,0
992,14,1,198808,0.8196,4,0.5215,0.3996,0.1671,0.5162,0
993,12,13,261676,0.0202,1,0.2319,0.0657,0.3994,0.2983,1
994,2,6,275587,0.6511,6,0.8827,0.4282,0.7678,0.3392,1
995,3,10,360634,0.429,4,0.8976,0.4745,0.7343,0.045,0
996,3,12,182163,0.3649,7,0.4382,0.2338,0.1271,0.89,1
997,6,3,303127,0.6035,1,0.1112,0.1013,0.679,0.9674,1
998,10,9,130957,0.8317,10,0.8249,0.9355,0.1476,0.1136,1
999,13,2,50978,0.5319,6,0.2533,0.1325,0.0475,0.2799,0
1000,9,1,267448,0.5924,7,0.5141,0.4196,0.7325,0.7806,0
