out_acc_num,out_currency_amount,net_worth,credit_score,ratio_cash_deposits,ratio_cash_withdrawals,ratio_incoming_international,ratio_outgoing_international,label
1,19115,0.5202,1,0.4043,0.4615,0.208,0.7435,true
2,32975,0.652,9,0.7118,0.5153,0.9767,0.2342,true
3,23604,0.0996,9,0.3094,0.0997,0.7633,0.3163,true
4,19232,0.5514,3,0.5623,0.6223,0.0271,0.0075,false
5,27703,0.8493,8,0.4543,0.9141,0.1112,0.449,true
6,30677,0.5778,4,0.6158,0.7823,0.9659,0.8601,false
7,20597,0.9996,5,0.1471,0.3291,0.6528,0.5288,false
8,31634,0.1713,9,0.5444,0.7365,0.1006,0.2974,true
9,31614,0.4065,9,0.1579,0.4742,0.8699,0.0841,false
10,31685,0.8146,4,0.0493,0.8863,0.3177,0.5199,true
11,16964,0.5773,5,0.9495,0.753,0.291,0.7643,false
12,35107,0.6056,3,0.7472,0.531,0.6305,0.5659,false
13,22774,0.7492,10,0.6056,0.393,0.7898,0.8624,false
14,25780,0.4433,8,0.8483,0.9836,0.5876,0.4846,false
15,14511,0.972,3,0.1229,0.4157,0.8246,0.0102,false
16,15821,0.2062,6,0.6518,0.9938,0.8036,0.5334,true
17,28142,0.1622,8,0.9767,0.0713,0.7132,0.6535,false
18,38152,0.0501,7,0.0222,0.6157,0.2777,0.8709,true
19,25756,0.9922,10,0.2244,0.9639,0.4894,0.2144,false
20,21600,0.5556,8,0.2503,0.613,0.1276,0.862,true
21,33495,0.6482,10,0.6883,0.2013,0.3871,0.6355,false
22,12857,0.9447,9,0.7675,0.3554,0.5207,0.1232,true
23,15505,0.5464,4,0.6558,0.6674,0.4812,0.1844,false
24,37054,0.527,1,0.5629,0.9869,0.8817,0.256,true
25,13821,0.148,6,0.7014,0.9554,0.4799,0.6053,true
26,37778,0.4379,10,0.4865,0.5081,0.6598,0.8191,true
27,39597,0.624,3,0.7449,0.4522,0.1125,0.5715,true
28,15910,0.4401,8,0.322,0.0771,0.534,0.5849,true
29,28592,0.6894,10,0.9995,0.185,0.9394,0.163,false
30,28488,0.9883,6,0.6565,0.7478,0.3933,0.0051,true
31,26046,0.026,2,0.3757,0.7101,0.5709,0.4272,false
32,12170,0.1161,8,0.5627,0.8885,0.1632,0.3802,true
33,31413,0.2705,5,0.8603,0.4869,0.3466,0.3608,false
34,39701,0.8313,5,0.0439,0.2586,0.5508,0.3717,false
35,25904,0.492,3,0.9033,0.7171,0.8488,0.0951,false
36,11545,0.4212,5,0.8699,0.5444,0.9752,0.2609,true
37,22152,0.9291,9,0.6231,0.8337,0.1756,0.8671,false
38,10652,0.5215,3,0.0219,0.573,0.7284,0.2599,false
39,15989,0.1423,8,0.444,0.8486,0.7118,0.4207,true
40,16899,0.0915,9,0.3027,0.4237,0.1043,0.481,true
41,32127,0.1599,8,0.0217,0.1718,0.6939,0.3264,true
42,10123,0.8232,6,0.7263,0.4093,0.9263,0.4543,false
43,21874,0.1227,7,0.3191,0.3491,0.644,0.9183,true
44,24383,0.3634,9,0.3021,0.9934,0.0451,0.3167,true
45,36805,0.4085,1,0.8794,0.4658,0.6493,0.5904,true
46,38402,0.3663,7,0.2882,0.8497,0.1318,0.6074,true
47,37630,0.112,2,0.4897,0.3638,0.9617,0.7683,false
48,32016,0.226,6,0.2813,0.1668,0.4244,0.5941,false
49,27155,0.1176,3,0.2277,0.8219,0.8543,0.2993,true
50,10839,0.832,4,0.2072,0.3322,0.2362,0.112,true
51,38371,0.4344,1,0.6736,0.3338,0.5817,0.2193,false
52,20377,0.4614,2,0.0741,0.298,0.5871,0.9694,true
53,10344,0.4819,7,0.0278,0.8065,0.7862,0.3093,false
54,23956,0.6562,8,0.1518,0.6414,0.7438,0.7514,false
55,15904,0.1708,5,0.4112,0.3353,0.7943,0.0066,false
56,29120,0.4525,6,0.7415,0.1989,0.2033,0.1214,false
57,12227,0.7362,5,0.6548,0.2175,0.256,0.2786,false
58,17249,0.4137,7,0.7678,0.2139,0.2236,0.0473,true
59,11506,0.3686,9,0.2458,0.0443,0.5056,0.0182,false
60,29729,0.6738,9,0.3569,0.8745,0.1904,0.386,true
61,22072,0.0114,4,0.3061,0.4044,0.8869,0.7333,true
62,22075,0.7518,8,0.6408,0.284,0.1865,0.1562,true
63,30141,0.2531,10,0.2566,0.2663,0.4554,0.4572,false
64,33922,0.3412,2,0.0356,0.9043,0.9129,0.7773,true
65,30800,0.5354,9,0.7986,0.8454,0.2213,0.9113,false
66,19089,0.6038,10,0.2077,0.8331,0.2044,0.6683,true
67,15573,0.0027,9,0.331,0.6931,0.0238,0.442,true
68,23244,0.3899,5,0.9072,0.4197,0.0474,0.1203,false
69,24040,0.9449,6,0.3354,0.018,0.468,0.1573,false
70,34347,0.9219,5,0.9141,0.9919,0.8408,0.0352,true
71,21166,0.2028,1,0.5913,0.9111,0.7199,0.7529,true
72,14962,0.7752,6,0.3597,0.9925,0.7205,0.707,true
73,30801,0.2759,10,0.706,0.0516,0.1434,0.5451,true
74,17142,0.6881,3,0.548,0.2915,0.5125,0.9217,true
75,31000,0.8438,7,0.049,0.6103,0.9954,0.4009,false
76,38832,0.9903,9,0.418,0.3678,0.6319,0.0405,false
77,30452,0.3346,4,0.038,0.0336,0.0762,0.6214,false
78,30308,0.9765,4,0.1546,0.7558,0.6937,0.6492,true
79,14584,0.1254,7,0.4081,0.2533,0.7213,0.1247,true
80,37088,0.8574,5,0.5987,0.7247,0.1011,0.141,false
81,10743,0.2865,2,0.5778,0.0429,0.9723,0.6579,false
82,23456,0.5369,3,0.4455,0.8958,0.498,0.8342,true
83,17948,0.1332,1,0.8468,0.5764,0.5884,0.4885,true
84,24148,0.5011,5,0.9895,0.4105,0.0834,0.6753,false
85,37436,0.2752,1,0.0202,0.7671,0.4589,0.9208,true
86,17953,0.4828,10,0.8753,0.1179,0.2212,0.9833,false
87,10976,0.5707,7,0.7475,0.7075,0.6471,0.0461,false
88,39403,0.6926,4,0.4002,0.9752,0.6487,0.2501,false
89,27883,0.8093,5,0.0749,0.5974,0.8486,0.2789,false
90,39200,0.7384,3,0.8859,0.7896,0.9249,0.641,true
91,16824,0.5553,1,0.7641,0.9432,0.4752,0.972,true
92,14242,0.5694,3,0.0312,0.9723,0.8814,0.6968,true
93,21995,0.7885,3,0.6326,0.311,0.6458,0.1203,true
94,30284,0.8264,8,0.6908,0.1032,0.4926,0.0938,false
95,28409,0.3699,1,0.2372,0.6438,0.7484,0.4178,true
96,28880,0.9234,7,0.8463,0.8362,0.4832,0.1132,false
97,37723,0.8944,4,0.4213,0.8749,0.1028,0.6943,false
98,33559,0.245,7,0.6926,0.7619,0.9592,0.5054,true
99,23310,0.7273,3,0.8854,0.8929,0.2554,0.0133,false
100,11005,0.0837,3,0.868,0.3787,0.6643,0.6738,true
101,38624,0.7094,2,0.3939,0.6244,0.6412,0.4915,true
102,23536,0.1651,5,0.5133,0.0932,0.5871,0.5595,true
103,24235,0.4714,1,0.0157,0.5639,0.2326,0.6361,false
104,29820,0.406,2,0.5699,0.582,0.1274,0.3208,false
105,36285,0.1889,8,0.156,0.1333,0.3966,0.3769,false
106,14403,0.4566,8,0.0125,0.8511,0.1104,0.2635,true
107,21735,0.282,3,0.0866,0.6976,0.991,0.5765,false
108,19574,0.7002,2,0.74,0.5258,0.2628,0.1891,false
109,19302,0.0641,2,0.954,0.4735,0.814,0.9308,false
110,19111,0.8904,10,0.0619,0.7913,0.3926,0.2867,false
111,32814,0.3062,4,0.5255,0.4938,0.395,0.9573,false
112,26983,0.1942,5,0.8372,0.2365,0.8596,0.3139,false
113,17754,0.722,7,0.9682,0.3499,0.4561,0.0826,false
114,12508,0.8082,9,0.8629,0.6303,0.4822,0.1696,false
115,33228,0.8406,2,0.4861,0.2705,0.3334,0.2448,false
116,32698,0.8898,10,0.2363,0.4261,0.9488,0.2008,false
117,23721,0.375,5,0.6958,0.9437,0.9135,0.1957,false
118,38789,0.9434,8,0.4683,0.4435,0.1241,0.9357,true
119,14536,0.4655,4,0.0815,0.2853,0.1078,0.1139,true
120,18568,0.2788,6,0.9473,0.5109,0.4766,0.5052,true
121,17401,0.6485,7,0.0697,0.024,0.6937,0.6854,true
122,20448,0.2597,6,0.6737,0.315,0.876,0.0007,false
123,18050,0.8495,5,0.4955,0.9249,0.9229,0.8077,true
124,17388,0.1172,7,0.7877,0.6474,0.3345,0.4985,false
125,17756,0.5637,10,0.4524,0.7854,0.1472,0.5199,false
126,17439,0.2409,4,0.5365,0.708,0.1727,0.7442,false
127,25820,0.1259,9,0.8742,0.5291,0.7293,0.5634,true
128,20347,0.9382,6,0.1079,0.056,0.3086,0.3395,false
129,30379,0.5975,6,0.6344,0.5485,0.8343,0.4013,true
130,35034,0.3082,6,0.5155,0.3686,0.9578,0.008,true
131,24384,0.152,9,0.7339,0.2202,0.1373,0.5417,false
132,27886,0.0162,8,0.8029,0.3539,0.9895,0.5194,false
133,19079,0.4518,1,0.4698,0.425,0.3061,0.6285,true
134,18111,0.4869,2,0.0031,0.5585,0.256,0.0986,false
135,24293,0.9571,6,0.5925,0.3678,0.651,0.6465,false
136,39428,0.6195,1,0.272,0.3618,0.1916,0.6167,true
137,17568,0.4968,1,0.9293,0.0623,0.7481,0.1897,false
138,14269,0.3174,8,0.648,0.1387,0.4038,0.0416,false
139,21639,0.9748,2,0.1291,0.9427,0.2969,0.536,true
140,31658,0.8525,10,0.6508,0.7781,0.9034,0.9127,true
141,30640,0.5162,3,0.948,0.4849,0.2076,0.7325,true
142,22717,0.4107,10,0.6267,0.1728,0.8425,0.1886,false
143,14958,0.0091,9,0.7465,0.4071,0.9772,0.0698,false
144,34931,0.4822,5,0.5196,0.5505,0.3126,0.7811,false
145,26000,0.101,2,0.3349,0.7432,0.1418,0.8747,true
146,18881,0.8524,2,0.4751,0.688,0.5354,0.8461,false
147,12533,0.9361,6,0.6211,0.55,0.728,0.9227,true
148,18006,0.6532,5,0.6987,0.2855,0.5493,0.8706,true
149,33166,0.3841,4,0.9076,0.3953,0.0102,0.1231,true
150,19373,0.358,3,0.9763,0.0582,0.1524,0.2177,true
151,24077,0.0043,1,0.7761,0.6703,0.1317,0.5714,false
152,25080,0.4768,8,0.8857,0.8781,0.8261,0.4832,true
153,38015,0.9097,1,0.4888,0.052,0.4721,0.2558,true
154,34664,0.7089,7,0.2969,0.1587,0.4814,0.3269,true
155,18240,0.005,5,0.6421,0.882,0.0902,0.5774,false
156,23344,0.1879,9,0.7674,0.403,0.3254,0.7682,false
157,30457,0.2396,9,0.8098,0.8109,0.0991,0.4583,true
158,14392,0.9899,2,0.3701,0.1543,0.8198,0.7236,false
159,15514,0.6259,8,0.7933,0.0123,0.3514,0.3038,false
160,32948,0.7764,7,0.3099,0.2993,0.7606,0.4915,false
161,33232,0.6508,3,0.5917,0.4352,0.1432,0.8352,false
162,38436,0.7326,10,0.6458,0.637,0.4697,0.1812,true
163,33706,0.3991,3,0.9935,0.1729,0.4523,0.3942,true
164,14325,0.0901,7,0.9545,0.7532,0.7762,0.5784,false
165,39059,0.5158,2,0.4564,0.1693,0.7491,0.3532,false
166,14574,0.0395,7,0.9131,0.0188,0.2462,0.5869,true
167,35480,0.326,8,0.2077,0.8353,0.7712,0.3451,false
168,13238,0.3062,6,0.3089,0.158,0.4635,0.0737,true
169,36870,0.042,10,0.9181,0.3346,0.1411,0.9959,false
170,31486,0.4612,10,0.2397,0.8522,0.9449,0.7175,true
171,16936,0.241,3,0.8651,0.6401,0.8602,0.7899,true
172,17031,0.8639,7,0.8472,0.547,0.3081,0.975,false
173,29201,0.6723,5,0.2171,0.1102,0.2689,0.9405,true
174,17755,0.604,6,0.4493,0.6696,0.3298,0.0588,false
175,32212,0.5435,3,0.2508,0.5372,0.1455,0.5428,false
176,31339,0.495,8,0.2382,0.4785,0.0862,0.0845,true
177,12339,0.3668,2,0.1616,0.0809,0.1038,0.2837,false
178,21946,0.9291,7,0.0664,0.0102,0.4245,0.0419,false
179,32019,0.9381,2,0.6378,0.5713,0.7769,0.0099,true
180,18279,0.5177,6,0.4412,0.3553,0.6443,0.9967,true
181,35993,0.491,10,0.9162,0.149,0.9673,0.4132,false
182,16507,0.2125,4,0.2006,0.8141,0.5831,0.123,true
183,30702,0.8469,8,0.2593,0.7009,0.4465,0.3818,true
184,27735,0.3237,8,0.6532,0.8633,0.4686,0.8296,true
185,20232,0.2847,10,0.2214,0.2455,0.487,0.3389,false
186,20846,0.1267,6,0.5892,0.6749,0.3126,0.5056,false
187,19703,0.4804,8,0.2441,0.2796,0.0634,0.9252,false
188,13207,0.7373,6,0.8323,0.1656,0.1853,0.0635,false
189,17721,0.4422,6,0.2717,0.194,0.4792,0.9492,true
190,13635,0.144,8,0.9487,0.9227,0.9174,0.49,true
191,17256,0.8464,10,0.7216,0.2578,0.7653,0.937,false
192,14211,0.0264,6,0.2947,0.0951,0.8853,0.1693,true
193,37933,0.2399,4,0.1001,0.7545,0.5585,0.0501,false
194,10124,0.8889,10,0.4089,0.0181,0.3077,0.9768,false
195,12004,0.2231,7,0.929,0.2221,0.4893,0.7594,false
196,29321,0.5077,6,0.094,0.6798,0.78,0.2916,false
197,18171,0.5545,9,0.0908,0.6348,0.4441,0.9008,true
198,36235,0.3753,3,0.3767,0.0638,0.9939,0.6751,true
199,24375,0.3321,5,0.8905,0.2634,0.2957,0.196,true
200,35770,0.0122,4,0.9709,0.3849,0.7918,0.9501,true
201,37586,0.976,6,0.3857,0.3327,0.7977,0.131,false
202,12153,0.5738,1,0.7716,0.4013,0.5804,0.7037,false
203,22659,0.1946,3,0.7098,0.9126,0.4384,0.0103,true
204,19018,0.4468,8,0.2547,0.7328,0.4204,0.3047,false
205,18171,0.4089,5,0.9457,0.4862,0.9907,0.2755,true
206,17790,0.4255,10,0.9264,0.0944,0.6948,0.8484,true
207,39668,0.617,2,0.8823,0.78,0.5318,0.2853,false
208,18080,0.5041,6,0.115,0.7419,0.8273,0.6278,false
209,30289,0.8441,2,0.2728,0.978,0.9671,0.7666,false
210,25067,0.1016,9,0.3948,0.4605,0.3655,0.344,false
211,21106,0.5861,4,0.3521,0.7081,0.3304,0.0618,true
212,20441,0.5199,10,0.6781,0.2116,0.9589,0.4808,false
213,13031,0.8995,10,0.8874,0.6444,0.9307,0.7674,false
214,29925,0.7533,9,0.4199,0.6154,0.7376,0.9005,true
215,30114,0.0658,2,0.9747,0.5473,0.9976,0.3915,false
216,33794,0.6839,5,0.8627,0.821,0.2404,0.6826,true
217,25340,0.6351,9,0.4637,0.5259,0.1569,0.9132,true
218,37101,0.6584,3,0.8994,0.195,0.4353,0.081,false
219,10789,0.6121,5,0.3826,0.136,0.4541,0.8697,true
220,16621,0.6205,6,0.3281,0.5592,0.2685,0.614,false
221,36907,0.715,9,0.7294,0.9431,0.8651,0.6019,true
222,34818,0.0662,7,0.9419,0.201,0.7204,0.8033,true
223,19519,0.2453,7,0.3843,0.8138,0.6591,0.3463,true
224,30532,0.9978,6,0.4613,0.9605,0.301,0.366,false
225,15094,0.4227,10,0.1072,0.5076,0.9114,0.2457,true
226,28658,0.476,2,0.5733,0.888,0.1373,0.7085,false
227,18789,0.279,4,0.7761,0.1204,0.5838,0.9051,true
228,33416,0.385,6,0.6557,0.1915,0.9959,0.0119,true
229,36716,0.0053,8,0.2004,0.8568,0.4871,0.2922,true
230,32050,0.3261,9,0.5902,0.767,0.7589,0.9101,false
231,23306,0.52,6,0.4022,0.7626,0.5819,0.2295,false
232,20881,0.6171,7,0.8368,0.5816,0.2573,0.6684,false
233,24282,0.0451,1,0.6382,0.3006,0.5048,0.1487,false
234,17755,0.163,4,0.0222,0.1315,0.0375,0.8705,false
235,22418,0.0075,3,0.963,0.6397,0.8942,0.3626,true
236,22074,0.5714,9,0.3353,0.2351,0.1676,0.0783,false
237,20742,0.8773,5,0.2798,0.529,0.8398,0.7315,true
238,30324,0.5039,2,0.6035,0.4731,0.5212,0.7634,false
239,24158,0.0015,8,0.1393,0.1212,0.0923,0.7313,false
240,12739,0.6929,5,0.3697,0.1981,0.1671,0.0446,true
241,16008,0.2232,7,0.5413,0.683,0.3644,0.8189,false
242,35004,0.0539,8,0.5344,0.7624,0.2352,0.9102,false
243,17735,0.9935,4,0.7429,0.3888,0.9384,0.4692,false
244,24805,0.6677,9,0.7272,0.3239,0.233,0.6384,true
245,30160,0.8858,10,0.2219,0.1227,0.1761,0.4866,true
246,28688,0.3301,4,0.7122,0.6152,0.9109,0.4046,true
247,31101,0.8864,6,0.8001,0.9553,0.6509,0.5389,true
248,24863,0.9657,3,0.6241,0.9545,0.1962,0.608,true
249,25968,0.316,1,0.3804,0.4196,0.3206,0.9,false
250,37928,0.4936,2,0.0821,0.7366,0.4605,0.1014,false
251,22847,0.3858,7,0.6408,0.9658,0.794,0.9783,true
252,13404,0.7251,10,0.9798,0.4448,0.1472,0.9169,false
253,19913,0.2945,4,0.938,0.5706,0.0487,0.6346,false
254,33846,0.0379,9,0.1286,0.7571,0.3317,0.7543,true
255,14234,0.3743,7,0.1955,0.789,0.6185,0.2761,false
256,37130,0.2962,9,0.6373,0.334,0.9118,0.7875,true
257,30221,0.489,3,0.4537,0.1951,0.0452,0.8496,false
258,16273,0.4482,8,0.3814,0.7682,0.855,0.1414,false
259,29596,0.022,4,0.2526,0.4011,0.3434,0.5551,false
260,30570,0.0714,9,0.0645,0.8362,0.1463,0.2773,true
261,14243,0.8661,10,0.7563,0.6665,0.8923,0.7837,true
262,20472,0.199,8,0.9455,0.139,0.2746,0.506,true
263,25325,0.9438,6,0.2452,0.0015,0.9382,0.7029,true
264,31004,0.3464,9,0.7781,0.4055,0.2834,0.4028,true
265,32427,0.0232,3,0.6653,0.8619,0.0723,0.6426,true
266,28819,0.8126,7,0.1229,0.4939,0.7188,0.2325,false
267,36578,0.375,3,0.3927,0.6743,0.6248,0.7716,true
268,20189,0.7688,5,0.0498,0.4311,0.2371,0.653,true
269,25830,0.0519,3,0.759,0.7777,0.6232,0.1279,true
270,39311,0.3958,4,0.7675,0.569,0.7249,0.0406,false
271,32970,0.0037,5,0.8861,0.4644,0.0635,0.075,false
272,31942,0.3151,8,0.8034,0.0342,0.5013,0.2443,true
273,31326,0.2368,6,0.9207,0.8458,0.1533,0.7166,false
274,39546,0.3972,1,0.1206,0.5002,0.5539,0.1507,false
275,17985,0.3661,9,0.616,0.542,0.4064,0.0438,true
276,37588,0.4574,5,0.0786,0.6722,0.9051,0.1042,false
277,36123,0.8243,4,0.3787,0.6364,0.5399,0.8556,true
278,37424,0.0059,4,0.0098,0.5491,0.3559,0.7052,false
279,25308,0.7625,6,0.9932,0.1462,0.2038,0.3737,true
280,33267,0.6162,6,0.9213,0.4403,0.9725,0.1007,false
281,19834,0.5699,3,0.466,0.832,0.236,0.2419,false
282,10736,0.5607,4,0.8439,0.193,0.0615,0.6636,false
283,24440,0.5857,8,0.3949,0.9363,0.3423,0.6962,false
284,29604,0.0087,6,0.9805,0.4034,0.2218,0.0506,true
285,32440,0.2156,5,0.5721,0.1249,0.3272,0.6991,true
286,30989,0.4782,5,0.9195,0.0009,0.6801,0.4822,true
287,22388,0.5495,9,0.0907,0.9711,0.7601,0.312,true
288,16306,0.4832,7,0.1356,0.8052,0.1747,0.9701,false
289,27432,0.672,2,0.922,0.3796,0.6727,0.5841,true
290,21412,0.2272,2,0.5784,0.3406,0.8731,0.7838,false
291,34843,0.4377,3,0.7722,0.8757,0.4316,0.9567,true
292,27391,0.5421,8,0.5479,0.417,0.9798,0.3583,false
293,33986,0.4188,3,0.8942,0.6578,0.3741,0.0689,true
294,12867,0.6682,7,0.6822,0.6369,0.7332,0.5062,true
295,38246,0.2206,8,0.4732,0.882,0.0598,0.5372,true
296,16770,0.0138,10,0.6479,0.1688,0.893,0.8065,true
297,37445,0.2318,6,0.6659,0.1151,0.1798,0.3477,false
298,39453,0.8552,4,0.8294,0.1129,0.8737,0.4064,false
299,18209,0.1157,8,0.9848,0.4891,0.0578,0.3543,true
300,18523,0.0367,6,0.7077,0.5283,0.4345,0.0316,false
301,10414,0.472,3,0.3037,0.1173,0.5872,0.359,true
302,34184,0.3525,3,0.6497,0.3881,0.0039,0.9966,true
303,39281,0.055,6,0.3436,0.0851,0.4958,0.9899,false
304,39532,0.3433,8,0.3571,0.6647,0.1721,0.3462,false
305,29932,0.9459,6,0.9729,0.9005,0.8614,0.9957,true
306,29350,0.5629,2,0.3141,0.0452,0.1475,0.0892,false
307,37291,0.5976,8,0.7225,0.6944,0.8144,0.275,true
308,36461,0.6024,4,0.9985,0.93,0.8897,0.1603,true
309,36854,0.2215,6,0.5093,0.4162,0.9942,0.1613,true
310,25276,0.6775,2,0.8542,0.9903,0.329,0.6929,true
311,36286,0.9688,2,0.076,0.5394,0.1393,0.8199,false
312,24537,0.9373,10,0.0384,0.6529,0.004,0.9567,true
313,31640,0.2156,5,0.3968,0.2386,0.3605,0.151,false
314,35942,0.0208,5,0.6374,0.0678,0.2306,0.2079,true
315,35713,0.6913,1,0.9437,0.815,0.4996,0.8681,true
316,14434,0.688,3,0.2649,0.5103,0.2149,0.3799,true
317,36854,0.9852,3,0.4158,0.3719,0.4764,0.2115,false
318,38834,0.5474,3,0.3071,0.04,0.3737,0.8849,true
319,19260,0.0093,5,0.2091,0.7725,0.031,0.4638,true
320,10470,0.9163,6,0.9719,0.7952,0.7655,0.4954,true
321,11460,0.9765,5,0.0081,0.4376,0.3429,0.9379,true
322,35949,0.3018,2,0.7629,0.7589,0.3032,0.5648,false
323,34409,0.9652,9,0.8047,0.6364,0.3016,0.6186,false
324,27578,0.2374,6,0.5446,0.5156,0.3828,0.6799,false
325,12012,0.3916,4,0.4141,0.0521,0.7435,0.8798,true
326,25576,0.4425,8,0.3104,0.7214,0.3335,0.7551,true
327,16870,0.485,1,0.7637,0.2078,0.5492,0.7516,false
328,21903,0.1292,5,0.5444,0.9499,0.849,0.0047,false
329,30676,0.751,8,0.7646,0.6608,0.6019,0.8034,true
330,27873,0.0301,8,0.2803,0.806,0.2864,0.4974,false
331,11833,0.2724,9,0.0886,0.1924,0.6299,0.16,false
332,24345,0.6095,2,0.8827,0.347,0.4798,0.1477,true
333,12565,0.3958,2,0.3761,0.0125,0.367,0.7358,true
334,39118,0.7634,9,0.1225,0.4903,0.0935,0.3399,false
335,12755,0.7371,8,0.6692,0.3155,0.6175,0.6227,false
336,27748,0.6183,8,0.8952,0.0233,0.4608,0.3933,true
337,23483,0.3637,10,0.5126,0.0979,0.5508,0.4919,true
338,18231,0.6725,4,0.2474,0.8958,0.2661,0.6899,false
339,31844,0.9001,2,0.3603,0.4398,0.9314,0.7024,true
340,31673,0.7629,4,0.2372,0.9584,0.6754,0.9105,false
341,10439,0.6699,2,0.978,0.2336,0.8089,0.1228,false
342,28994,0.0361,5,0.6543,0.4823,0.2724,0.8331,false
343,29920,0.1452,8,0.4259,0.4093,0.7918,0.3795,false
344,36245,0.0366,2,0.2237,0.0312,0.3048,0.319,true
345,23556,0.4406,10,0.8815,0.9126,0.4262,0.6729,false
346,14142,0.5727,8,0.384,0.2314,0.4035,0.8304,false
347,23040,0.0208,6,0.1751,0.7179,0.5412,0.2072,true
348,38546,0.1739,7,0.1101,0.4603,0.9307,0.1832,true
349,19111,0.5663,2,0.3999,0.3522,0.6545,0.5954,false
350,29708,0.6837,7,0.348,0.4054,0.4589,0.1846,false
351,24401,0.8816,9,0.4251,0.1158,0.5512,0.0846,false
352,36368,0.8336,10,0.4205,0.0837,0.6118,0.7484,true
353,11179,0.2233,10,0.7288,0.0117,0.9638,0.6647,true
354,10057,0.7672,9,0.1457,0.6761,0.128,0.1187,false
355,34528,0.0759,6,0.8013,0.9604,0.3849,0.1145,true
356,24704,0.1627,6,0.9187,0.4793,0.4357,0.8483,true
357,31420,0.4952,6,0.7519,0.9685,0.9193,0.2859,true
358,28611,0.1865,5,0.1387,0.6364,0.574,0.0716,true
359,16684,0.8824,2,0.2221,0.5086,0.8252,0.7181,false
360,34521,0.9563,6,0.3898,0.0123,0.4198,0.6894,false
361,33891,0.9588,5,0.558,0.4788,0.6162,0.3492,true
362,18284,0.5473,1,0.5989,0.1757,0.5738,0.352,true
363,26164,0.6496,1,0.7769,0.5455,0.2257,0.3792,false
364,18309,0.0116,2,0.0767,0.289,0.3122,0.8532,true
365,12553,0.6057,4,0.7847,0.2703,0.8085,0.9007,true
366,34303,0.4044,7,0.2171,0.2509,0.7227,0.4528,true
367,11676,0.6868,10,0.6521,0.4379,0.8299,0.8395,true
368,10955,0.2507,10,0.348,0.2646,0.3658,0.6947,false
369,35093,0.3863,4,0.0956,0.5276,0.8791,0.7005,true
370,15037,0.2455,4,0.3445,0.6428,0.4188,0.6426,true
371,38527,0.5223,2,0.8821,0.7732,0.3128,0.8823,false
372,10509,0.4483,5,0.8793,0.8885,0.6056,0.3677,true
373,13433,0.4547,8,0.9959,0.2695,0.6004,0.6553,false
374,28414,0.8131,4,0.2629,0.466,0.2732,0.5017,true
375,35467,0.0542,7,0.9237,0.8263,0.3657,0.1959,true
376,28655,0.104,3,0.1181,0.3101,0.6511,0.5067,true
377,25201,0.6646,3,0.814,0.2499,0.8544,0.5197,true
378,38948,0.0083,9,0.4407,0.5555,0.5327,0.8784,false
379,20899,0.0157,2,0.4054,0.1128,0.0625,0.3704,true
380,29940,0.6895,8,0.1042,0.225,0.9824,0.3889,true
381,23883,0.7927,3,0.345,0.0635,0.827,0.8321,false
382,34960,0.8604,5,0.57,0.1963,0.498,0.174,true
383,13673,0.5673,4,0.6026,0.071,0.2932,0.1757,true
384,14437,0.7821,6,0.2936,0.7379,0.1804,0.0354,false
385,18403,0.7084,8,0.8565,0.2365,0.4409,0.0713,true
386,30455,0.8806,8,0.0552,0.4121,0.726,0.1438,false
387,34834,0.3251,1,0.9402,0.3637,0.839,0.7916,true
388,36739,0.4616,4,0.5443,0.5275,0.2976,0.397,false
389,23278,0.1434,5,0.108,0.0912,0.7106,0.0135,true
390,39913,0.8496,2,0.7936,0.2124,0.9881,0.7525,true
391,16002,0.1909,7,0.3233,0.9475,0.856,0.0189,false
392,13750,0.0574,5,0.8526,0.1148,0.2556,0.3914,false
393,30855,0.6545,7,0.0852,0.8903,0.696,0.946,true
394,21362,0.648,7,0.3998,0.7203,0.2207,0.5726,false
395,16494,0.4189,4,0.2697,0.8008,0.1538,0.1308,false
396,23033,0.1138,8,0.2336,0.8403,0.7311,0.4661,true
397,29550,0.0056,5,0.1796,0.4966,0.9371,0.9153,true
398,24163,0.4436,6,0.0356,0.2689,0.245,0.7877,false
399,27020,0.8079,8,0.35,0.6413,0.5608,0.493,true
400,12529,0.1042,3,0.5954,0.9904,0.092,0.3279,true
401,14882,0.4822,8,0.3362,0.7085,0.3019,0.8553,true
402,25650,0.4286,5,0.3584,0.6499,0.3883,0.6817,false
403,16779,0.5603,8,0.1381,0.2362,0.3512,0.2536,true
404,25169,0.3008,8,0.5927,0.2254,0.7881,0.4436,false
405,30044,0.9158,2,0.7623,0.7054,0.5278,0.8131,true
406,35338,0.7719,9,0.6776,0.9363,0.2776,0.7545,true
407,37207,0.5757,1,0.2896,0.612,0.3722,0.5814,false
408,35316,0.7959,2,0.5464,0.5787,0.8318,0.9901,false
409,28646,0.5464,4,0.0184,0.2838,0.0469,0.3622,false
410,34151,0.2381,2,0.3622,0.3482,0.7109,0.7372,false
411,23590,0.2488,4,0.7243,0.5113,0.8455,0.3282,true
412,12414,0.2765,5,0.7375,0.4815,0.1255,0.274,false
413,16207,0.7001,5,0.839,0.1072,0.0764,0.681,false
414,39605,0.7519,5,0.1586,0.3091,0.0075,0.7453,false
415,29080,0.0874,9,0.1361,0.8491,0.1066,0.7617,true
416,19239,0.1585,7,0.8016,0.1872,0.2509,0.8018,false
417,26551,0.3655,7,0.5995,0.6357,0.9901,0.8631,false
418,21350,0.295,10,0.2532,0.8857,0.5889,0.5846,false
419,31567,0.5633,1,0.7241,0.2197,0.8112,0.4627,true
420,36754,0.486,10,0.3631,0.1088,0.0201,0.5262,true
421,13341,0.4178,5,0.8239,0.2077,0.5751,0.2947,true
422,11361,0.6618,1,0.4881,0.3439,0.0966,0.8667,true
423,33442,0.558,4,0.6989,0.4291,0.4821,0.9033,true
424,34899,0.9792,2,0.5961,0.3677,0.3049,0.4139,true
425,33474,0.8464,6,0.1038,0.2125,0.8859,0.202,true
426,16792,0.0701,9,0.2868,0.9698,0.386,0.7058,true
427,18581,0.5903,9,0.5137,0.7069,0.9723,0.324,false
428,25208,0.2446,10,0.1948,0.1023,0.6644,0.71,false
429,24215,0.2988,5,0.2717,0.5598,0.2981,0.0808,true
430,15796,0.7614,7,0.0495,0.1835,0.3599,0.8924,true
431,17523,0.8192,5,0.067,0.5967,0.4348,0.5021,false
432,22584,0.901,4,0.2373,0.8271,0.1327,0.0742,true
433,31689,0.6261,2,0.7134,0.903,0.7616,0.4878,false
434,32100,0.571,8,0.2916,0.3745,0.3598,0.599,false
435,27382,0.5243,2,0.2389,0.2766,0.9771,0.8188,true
436,20864,0.2206,8,0.6083,0.899,0.7173,0.5124,false
437,24032,0.8989,3,0.7895,0.2584,0.4684,0.8239,false
438,35475,0.517,8,0.0252,0.0701,0.859,0.8954,true
439,15737,0.262,1,0.8854,0.6965,0.8276,0.7064,false
440,34583,0.6053,3,0.4323,0.2093,0.4817,0.4805,true
441,28824,0.4895,10,0.6091,0.5953,0.174,0.1605,true
442,31983,0.2901,5,0.9484,0.4343,0.5647,0.3477,true
443,24188,0.7364,5,0.2484,0.8452,0.5533,0.1158,true
444,11221,0.7457,5,0.2289,0.638,0.1635,0.7613,false
445,24501,0.9704,9,0.8118,0.5583,0.0067,0.0063,false
446,26554,0.5917,5,0.2215,0.3414,0.8751,0.074,true
447,31227,0.3969,10,0.0418,0.1545,0.56,0.4984,false
448,32845,0.0165,9,0.6545,0.0456,0.665,0.6866,true
449,20205,0.0655,3,0.2557,0.3193,0.7732,0.4603,true
450,29058,0.4716,10,0.0258,0.4433,0.1261,0.8634,true
451,12716,0.0473,10,0.9425,0.9887,0.4499,0.8353,true
452,33958,0.6609,10,0.3017,0.7184,0.5816,0.4291,true
453,33115,0.0523,2,0.0432,0.1352,0.3827,0.3764,false
454,21161,0.8403,1,0.1324,0.4814,0.9697,0.4705,false
455,18354,0.1081,6,0.66,0.9947,0.8478,0.6403,true
456,11961,0.9967,8,0.2601,0.7091,0.6432,0.0495,true
457,23318,0.1382,8,0.5588,0.9033,0.455,0.2641,false
458,31132,0.6895,6,0.4098,0.1513,0.5702,0.2604,false
459,27451,0.3261,5,0.687,0.1951,0.018,0.4343,true
460,25935,0.1004,7,0.445,0.7132,0.3634,0.5307,false
461,17360,0.7219,4,0.3669,0.4548,0.673,0.1122,false
462,36254,0.0339,10,0.2005,0.6238,0.4234,0.7585,true
463,16734,0.2384,6,0.0849,0.5892,0.5148,0.9548,true
464,34863,0.8198,6,0.9239,0.274,0.6014,0.491,false
465,34680,0.7946,1,0.4172,0.1117,0.6753,0.8258,true
466,33968,0.2252,1,0.6252,0.6652,0.6219,0.3375,false
467,29668,0.2024,7,0.9015,0.5716,0.2681,0.3343,false
468,25332,0.9809,3,0.2794,0.4055,0.436,0.3104,true
469,33611,0.1791,1,0.0097,0.6416,0.1375,0.1607,false
470,13689,0.7923,2,0.2674,0.0413,0.2535,0.7135,true
471,22037,0.9925,5,0.7205,0.3838,0.2239,0.1541,true
472,27538,0.1194,3,0.9645,0.2388,0.9124,0.052,false
473,17655,0.8009,3,0.4826,0.7272,0.7775,0.3022,true
474,10349,0.2075,7,0.8041,0.7733,0.6576,0.0591,false
475,26868,0.6386,4,0.9989,0.5056,0.5399,0.1777,true
476,26925,0.0788,4,0.1792,0.6016,0.3826,0.1197,false
477,22540,0.998,5,0.1699,0.9202,0.6786,0.9391,true
478,14993,0.9395,8,0.2743,0.4077,0.3832,0.3806,true
479,19262,0.6032,6,0.5334,0.9646,0.9046,0.0503,false
480,38926,0.5495,3,0.5429,0.8977,0.0004,0.9745,false
481,14489,0.9941,5,0.9756,0.4192,0.0344,0.2528,false
482,32740,0.9946,5,0.1479,0.3123,0.087,0.7978,true
483,36750,0.5259,4,0.9644,0.8814,0.9717,0.6481,false
484,14642,0.2739,10,0.017,0.1716,0.4074,0.3908,false
485,34386,0.5002,10,0.9233,0.3337,0.2259,0.4915,true
486,27712,0.7992,7,0.3133,0.0553,0.9758,0.7064,true
487,12836,0.6782,6,0.6254,0.1663,0.5803,0.3056,true
488,19408,0.0841,10,0.6416,0.7813,0.1528,0.9647,false
489,10340,0.2247,2,0.9092,0.0011,0.9729,0.8338,false
490,29891,0.8999,7,0.787,0.3385,0.7656,0.9576,false
491,28559,0.8505,9,0.748,0.7692,0.8393,0.2021,true
492,34995,0.6491,7,0.2261,0.8641,0.4787,0.6586,true
493,19284,0.3416,6,0.7519,0.6919,0.0227,0.0036,true
494,34475,0.1003,5,0.8291,0.6934,0.0478,0.0379,false
495,37352,0.5272,8,0.3345,0.8215,0.9915,0.3262,false
496,39060,0.7419,9,0.5394,0.6136,0.5046,0.1075,false
497,34096,0.6779,8,0.3681,0.5249,0.0451,0.9552,false
498,36971,0.038,5,0.0654,0.4271,0.7859,0.3229,true
499,10526,0.113,6,0.7807,0.9145,0.5306,0.8418,true
500,30445,0.9096,9,0.4076,0.646,0.0969,0.1315,true
501,36954,0.4446,9,0.4348,0.6357,0.9218,0.0009,true
502,14962,0.4367,7,0.6318,0.9073,0.655,0.2447,false
503,22092,0.4327,7,0.6807,0.0281,0.9017,0.923,true
504,30691,0.5474,6,0.6333,0.8332,0.6948,0.9536,false
505,17413,0.4221,7,0.7453,0.0991,0.0266,0.7051,false
506,37231,0.7248,4,0.7991,0.4314,0.7212,0.0385,true
507,33849,0.5512,3,0.1346,0.4401,0.8544,0.3927,true
508,12704,0.4141,8,0.3497,0.9437,0.3079,0.6424,true
509,18828,0.6369,3,0.1345,0.855,0.9362,0.6933,false
510,18668,0.2865,1,0.0565,0.7348,0.9099,0.2746,false
511,34812,0.1831,8,0.3593,0.7143,0.2396,0.2508,false
512,27201,0.3049,4,0.8113,0.4372,0.1775,0.3003,false
513,23576,0.068,4,0.3655,0.323,0.1165,0.2171,false
514,37399,0.5675,7,0.7044,0.1084,0.4681,0.0554,false
515,18885,0.547,7,0.3663,0.1359,0.5729,0.3504,true
516,38105,0.1897,3,0.2425,0.8352,0.0586,0.0529,true
517,10420,0.8382,5,0.7971,0.049,0.5589,0.8313,false
518,25263,0.5649,1,0.7107,0.9697,0.7671,0.1052,true
519,20397,0.9511,4,0.6425,0.3049,0.4152,0.6202,false
520,12726,0.3315,4,0.9412,0.4784,0.7556,0.6629,false
521,29483,0.723,1,0.7688,0.7848,0.8586,0.298,false
522,22537,0.1347,4,0.973,0.3227,0.2959,0.7141,true
523,30167,0.4151,2,0.7728,0.8175,0.5255,0.4254,false
524,11801,0.7113,8,0.672,0.6837,0.8762,0.9466,false
525,35693,0.4043,5,0.6404,0.2681,0.063,0.5861,false
526,27459,0.9214,9,0.4009,0.8741,0.6692,0.5063,true
527,30240,0.859,1,0.2597,0.8449,0.9714,0.8252,false
528,15130,0.2053,2,0.799,0.2261,0.4492,0.8857,false
529,22279,0.8422,4,0.5258,0.8831,0.2735,0.4422,false
530,19658,0.9216,4,0.1651,0.685,0.8302,0.1219,false
531,29837,0.2943,1,0.175,0.5692,0.019,0.5259,true
532,16116,0.1481,5,0.2038,0.0788,0.721,0.9448,false
533,15291,0.2274,8,0.4477,0.7908,0.3482,0.1201,false
534,14782,0.988,1,0.9513,0.9826,0.0895,0.5035,false
535,29839,0.9657,10,0.5963,0.9779,0.3608,0.7293,true
536,32311,0.5021,8,0.5944,0.1772,0.5343,0.4928,true
537,27343,0.7802,3,0.0191,0.9356,0.8834,0.1507,true
538,34596,0.9181,8,0.9668,0.5205,0.4313,0.0619,true
539,23426,0.6328,6,0.7566,0.2709,0.3945,0.6463,false
540,22408,0.2433,2,0.0899,0.8792,0.8784,0.294,true
541,39794,0.0989,1,0.6015,0.3925,0.541,0.4061,true
542,16608,0.0414,8,0.1792,0.0675,0.884,0.9022,true
543,35864,0.7464,1,0.1111,0.8265,0.7236,0.584,false
544,21930,0.9886,7,0.3871,0.6453,0.0337,0.6926,false
545,20177,0.0196,4,0.1986,0.7632,0.5347,0.525,true
546,36192,0.9688,7,0.8569,0.6895,0.6483,0.2403,true
547,17316,0.5551,2,0.0976,0.8638,0.9774,0.6874,true
548,23110,0.8245,4,0.8747,0.1401,0.6375,0.4812,false
549,20267,0.6083,1,0.0531,0.8557,0.802,0.0737,false
550,29002,0.8568,1,0.8093,0.1424,0.1882,0.9421,false
551,20797,0.7851,9,0.0463,0.2995,0.1612,0.4016,false
552,27440,0.2499,1,0.4262,0.7951,0.6644,0.7637,false
553,33734,0.7312,1,0.6238,0.439,0.6232,0.4793,false
554,22174,0.9305,3,0.4643,0.6028,0.7722,0.0809,true
555,39288,0.425,6,0.349,0.4718,0.8677,0.4985,true
556,18273,0.7964,1,0.6264,0.8099,0.1722,0.9509,true
557,36747,0.0249,6,0.7811,0.1508,0.9696,0.8527,true
558,22454,0.3511,9,0.172,0.2914,0.4751,0.0964,false
559,33715,0.3816,7,0.0297,0.4572,0.5541,0.5594,false
560,24486,0.0551,2,0.9135,0.1824,0.8357,0.396,true
561,35795,0.3417,9,0.0736,0.0621,0.2949,0.1811,true
562,24819,0.2807,3,0.6217,0.0763,0.86,0.026,true
563,14473,0.4956,6,0.5361,0.9496,0.9981,0.3857,false
564,34225,0.7751,3,0.0972,0.9438,0.3783,0.6065,false
565,21142,0.0988,4,0.6979,0.2697,0.8012,0.8626,false
566,32804,0.7429,7,0.948,0.8521,0.1263,0.3165,false
567,29638,0.208,2,0.9491,0.551,0.3793,0.5304,true
568,20310,0.4583,2,0.962,0.6641,0.7395,0.7381,false
569,19463,0.2799,1,0.0101,0.9338,0.2128,0.3166,false
570,26967,0.1976,5,0.5945,0.5124,0.4422,0.5567,false
571,18508,0.746,9,0.8235,0.2861,0.0547,0.1026,true
572,22768,0.2207,5,0.258,0.9492,0.2388,0.7091,true
573,35550,0.8813,6,0.8275,0.1335,0.8674,0.5493,true
574,37143,0.4414,9,0.5163,0.9953,0.4742,0.7549,false
575,28109,0.0972,5,0.4545,0.8682,0.0664,0.8336,true
576,22326,0.8725,1,0.6763,0.2861,0.6645,0.7026,false
577,16325,0.8278,4,0.6427,0.2394,0.4367,0.7734,true
578,29045,0.7325,5,0.0091,0.6399,0.5704,0.4171,false
579,37841,0.6314,10,0.9405,0.4846,0.1077,0.9428,false
580,28953,0.5022,2,0.5039,0.8563,0.7874,0.6872,true
581,38752,0.4964,1,0.032,0.6179,0.8586,0.9204,true
582,36475,0.0076,8,0.6824,0.0615,0.5128,0.8769,true
583,23399,0.0495,4,0.0308,0.0118,0.7106,0.2245,false
584,13142,0.5778,10,0.3032,0.9124,0.4898,0.9257,true
585,20658,0.7926,4,0.3855,0.176,0.5287,0.6677,false
586,39644,0.2346,7,0.189,0.7073,0.7181,0.8718,false
587,13924,0.6567,1,0.6635,0.3803,0.8737,0.0214,false
588,31140,0.4198,3,0.4974,0.9547,0.6563,0.9489,false
589,22495,0.6919,6,0.3216,0.4597,0.2526,0.994,true
590,18369,0.6479,9,0.5944,0.0422,0.5401,0.4037,true
591,34250,0.0789,4,0.3387,0.1814,0.8654,0.4798,true
592,37987,0.4061,9,0.9463,0.2008,0.6832,0.7773,false
593,25795,0.1079,10,0.3821,0.4406,0.5823,0.3682,false
594,39856,0.2024,7,0.5212,0.2244,0.8213,0.07,false
595,25470,0.5666,9,0.1296,0.8974,0.3517,0.7482,false
596,16115,0.6827,4,0.2244,0.6889,0.913,0.5992,false
597,38428,0.293,8,0.5559,0.2722,0.5731,0.2152,true
598,14571,0.7997,6,0.2575,0.4413,0.9474,0.3727,true
599,33446,0.8426,2,0.5668,0.4569,0.375,0.6229,false
600,12905,0.2942,5,0.0187,0.2738,0.9713,0.4507,false
601,18891,0.0269,4,0.4328,0.0322,0.1349,0.2191,false
602,26375,0.8882,3,0.8638,0.1466,0.52,0.9486,false
603,21307,0.5513,7,0.9035,0.1948,0.108,0.6908,false
604,10414,0.009,2,0.2473,0.5295,0.9259,0.5675,false
605,17623,0.6733,1,0.774,0.6325,0.3923,0.56,true
606,17541,0.0603,6,0.7937,0.3411,0.3648,0.3585,true
607,27933,0.9713,5,0.1447,0.0659,0.5842,0.7378,false
608,16270,0.5341,1,0.7059,0.263,0.7105,0.3525,true
609,19278,0.2468,7,0.4378,0.0547,0.7425,0.3514,true
610,10339,0.4814,1,0.6172,0.5741,0.1514,0.0262,true
611,22173,0.7596,9,0.9117,0.8604,0.1731,0.1938,true
612,39879,0.0158,2,0.4136,0.5736,0.7484,0.972,true
613,17830,0.9533,5,0.6071,0.5435,0.1955,0.6133,false
614,30410,0.8391,8,0.1909,0.5242,0.0813,0.5616,false
615,19185,0.1319,4,0.3118,0.9214,0.7175,0.1173,true
616,31741,0.4775,2,0.7588,0.8318,0.273,0.8529,false
617,12299,0.5855,4,0.883,0.9255,0.152,0.9063,false
618,21153,0.7719,9,0.9667,0.6311,0.7152,0.2731,true
619,13605,0.7582,7,0.9283,0.469,0.9854,0.2181,true
620,17668,0.773,1,0.9714,0.9128,0.8091,0.372,true
621,21434,0.6904,8,0.06,0.7097,0.1736,0.8705,false
622,18438,0.8702,9,0.8131,0.8369,0.2109,0.8702,false
623,10142,0.4388,3,0.9618,0.85,0.1864,0.8011,true
624,16626,0.8289,9,0.8454,0.8515,0.1604,0.2047,true
625,29646,0.0144,10,0.9979,0.8805,0.636,0.7496,true
626,12459,0.6112,3,0.8313,0.341,0.4916,0.8696,false
627,23485,0.7313,6,0.3823,0.78,0.8871,0.9553,true
628,37480,0.7046,8,0.0613,0.6413,0.5566,0.3465,false
629,35490,0.6159,10,0.768,0.4387,0.0867,0.9855,false
630,36424,0.0203,3,0.9735,0.4812,0.0669,0.6276,false
631,31244,0.3923,7,0.6666,0.9578,0.6732,0.3101,false
632,22856,0.513,8,0.1824,0.2092,0.2058,0.6508,false
633,37543,0.2703,2,0.1948,0.2775,0.6977,0.872,false
634,27289,0.5285,5,0.6934,0.94,0.6342,0.8156,true
635,19289,0.5017,1,0.7669,0.3722,0.4172,0.0357,false
636,16361,0.6674,8,0.9873,0.8591,0.3283,0.437,false
637,34910,0.0457,5,0.75,0.9761,0.2016,0.5711,true
638,28413,0.2792,5,0.6244,0.65,0.884,0.3093,false
639,20735,0.5762,10,0.144,0.6502,0.5676,0.3889,true
640,27209,0.4276,8,0.1046,0.2358,0.9111,0.8271,true
641,16500,0.8585,8,0.6623,0.4327,0.1541,0.282,false
642,13858,0.1084,6,0.4975,0.0455,0.9227,0.7649,true
643,19173,0.3164,7,0.5414,0.3728,0.3757,0.1239,true
644,31214,0.3707,6,0.7523,0.2178,0.2609,0.5697,true
645,19341,0.1749,10,0.6834,0.0949,0.5598,0.3896,true
646,16613,0.1606,8,0.8676,0.6108,0.1198,0.4134,true
647,22127,0.0424,9,0.8216,0.6466,0.0562,0.3463,false
648,20584,0.5701,10,0.0751,0.3812,0.4781,0.3771,false
649,38387,0.5917,1,0.8129,0.5891,0.8767,0.0886,false
650,33247,0.2341,2,0.3508,0.1116,0.0231,0.3062,false
651,22384,0.9917,5,0.5133,0.2472,0.5452,0.1489,true
652,28446,0.2366,5,0.7627,0.8994,0.4234,0.5948,false
653,28308,0.113,7,0.9513,0.6781,0.132,0.8834,true
654,29591,0.5832,5,0.7959,0.44,0.8146,0.5112,true
655,20895,0.2456,1,0.7432,0.9075,0.3863,0.2021,true
656,16068,0.1702,1,0.6109,0.9046,0.8573,0.3256,false
657,28591,0.1919,7,0.2422,0.2827,0.413,0.0767,false
658,38464,0.7768,6,0.5681,0.4637,0.5966,0.835,false
659,33336,0.7954,2,0.3821,0.3018,0.873,0.1561,false
660,34362,0.5638,8,0.7798,0.5599,0.7536,0.9601,true
661,30978,0.7176,4,0.7475,0.4517,0.9835,0.9891,true
662,39526,0.2834,4,0.2035,0.3264,0.5838,0.6611,false
663,15118,0.4904,10,0.8479,0.5449,0.685,0.7098,true
664,20216,0.355,4,0.1812,0.4694,0.5721,0.7894,false
665,31933,0.179,2,0.5164,0.214,0.8777,0.1451,true
666,10106,0.2981,3,0.787,0.4431,0.5534,0.7431,true
667,21833,0.7779,6,0.5856,0.8593,0.538,0.3869,true
668,36767,0.8502,3,0.1296,0.6658,0.9346,0.6681,false
669,27338,0.6215,10,0.4355,0.9031,0.7598,0.2147,false
670,16670,0.2654,8,0.1678,0.1726,0.816,0.9399,true
671,22837,0.4798,7,0.6361,0.9393,0.7206,0.6573,true
672,13249,0.2308,4,0.7136,0.5952,0.1105,0.0937,true
673,30957,0.3699,2,0.6256,0.7249,0.4316,0.2868,false
674,17639,0.6171,4,0.8771,0.7204,0.5811,0.3162,true
675,26133,0.7977,8,0.3072,0.8393,0.8378,0.9013,false
676,21562,0.9878,10,0.6847,0.869,0.5255,0.7289,true
677,36258,0.9518,5,0.3484,0.8708,0.4683,0.866,true
678,36979,0.1819,3,0.4702,0.3401,0.3754,0.6141,false
679,13436,0.6398,9,0.7116,0.3821,0.4816,0.0514,true
680,25969,0.5429,9,0.6751,0.1881,0.8741,0.856,false
681,14939,0.2749,4,0.1616,0.2541,0.3328,0.2032,true
682,14881,0.67,5,0.2066,0.6833,0.9433,0.3176,true
683,16044,0.1317,10,0.1114,0.9661,0.6669,0.4369,true
684,35969,0.6934,2,0.734,0.5598,0.9565,0.0673,true
685,26554,0.1436,8,0.817,0.8585,0.0754,0.1702,true
686,28281,0.8592,8,0.083,0.0127,0.2751,0.8018,false
687,25201,0.2179,9,0.1863,0.2659,0.4052,0.0279,true
688,17680,0.9012,4,0.0872,0.6446,0.0545,0.2863,true
689,10743,0.2665,10,0.2041,0.919,0.5777,0.8893,true
690,32604,0.099,2,0.4811,0.5597,0.0166,0.4491,true
691,12730,0.6446,8,0.5261,0.3483,0.4968,0.9077,false
692,39141,0.1961,2,0.7892,0.5766,0.8555,0.6741,true
693,18424,0.3498,1,0.3829,0.5119,0.7392,0.5815,false
694,37223,0.376,4,0.1717,0.3245,0.2811,0.3641,false
695,34008,0.4847,6,0.6618,0.6765,0.2573,0.9087,false
696,15971,0.2724,6,0.3717,0.4294,0.1021,0.7767,false
697,23131,0.9544,5,0.0796,0.2706,0.3809,0.6039,true
698,18981,0.6593,2,0.312,0.6001,0.0724,0.7293,false
699,34291,0.0565,8,0.7854,0.4608,0.3608,0.1431,false
700,37476,0.8524,3,0.3014,0.3703,0.6477,0.3511,true
701,35061,0.5945,1,0.8364,0.7044,0.7302,0.628,true
702,38253,0.7151,7,0.5519,0.4721,0.6735,0.5405,true
703,16355,0.8573,4,0.9545,0.4794,0.6468,0.6957,false
704,18370,0.7992,5,0.7601,0.2133,0.6805,0.9654,false
705,25342,0.3931,9,0.0059,0.2702,0.4916,0.2406,true
706,23870,0.7864,7,0.2192,0.1299,0.8944,0.1106,false
707,24598,0.1036,3,0.2412,0.8411,0.3479,0.6962,false
708,31165,0.1723,3,0.6116,0.5864,0.1764,0.1367,false
709,18734,0.505,1,0.0145,0.0369,0.2632,0.8729,true
710,13679,0.0468,8,0.662,0.1864,0.8252,0.3341,true
711,14263,0.3774,6,0.6313,0.8463,0.8933,0.4332,true
712,24252,0.6957,8,0.4321,0.0972,0.8053,0.1591,false
713,23320,0.7154,2,0.8487,0.7886,0.9131,0.6498,true
714,13831,0.3325,8,0.1177,0.9775,0.9936,0.5112,false
715,38537,0.9463,7,0.6849,0.7321,0.4982,0.2361,true
716,32404,0.5248,3,0.4685,0.2603,0.0747,0.8103,true
717,37639,0.4818,8,0.1856,0.2677,0.7221,0.0655,true
718,23092,0.3052,1,0.304,0.5141,0.6781,0.6155,true
719,25613,0.2038,8,0.7147,0.1911,0.1004,0.6795,false
720,14130,0.6936,1,0.1805,0.0048,0.862,0.6428,true
721,20890,0.3049,1,0.1055,0.6409,0.7631,0.1574,false
722,32977,0.1393,1,0.4569,0.0885,0.1383,0.5953,false
723,15481,0.7754,3,0.6518,0.8964,0.245,0.9663,false
724,38632,0.6953,4,0.3872,0.9551,0.5276,0.1697,true
725,35097,0.7111,8,0.3929,0.674,0.5877,0.8481,true
726,38639,0.4568,6,0.0576,0.6168,0.9486,0.5994,true
727,25816,0.6632,10,0.2567,0.8711,0.0214,0.7434,true
728,12360,0.4277,9,0.2297,0.5935,0.5249,0.6777,false
729,15141,0.9471,2,0.1072,0.4128,0.1354,0.7298,false
730,30273,0.9932,8,0.8974,0.6236,0.3808,0.69,false
731,24315,0.6738,10,0.6047,0.2984,0.6408,0.3098,false
732,12276,0.5845,5,0.1622,0.4482,0.308,0.2569,true
733,21566,0.7698,6,0.5334,0.5041,0.5352,0.1883,true
734,23181,0.5617,4,0.0015,0.2711,0.3955,0.4579,false
735,25274,0.2795,10,0.0826,0.198,0.4293,0.3232,false
736,26193,0.477,3,0.148,0.9876,0.6675,0.9871,true
737,39302,0.7399,2,0.5974,0.9819,0.4214,0.8917,true
738,19796,0.6922,1,0.1494,0.3953,0.0594,0.3651,false
739,30749,0.5886,4,0.4096,0.4973,0.2606,0.0302,false
740,39180,0.5268,4,0.294,0.3216,0.0234,0.7883,false
741,27375,0.7479,10,0.4709,0.0741,0.3438,0.2908,true
742,34458,0.9791,9,0.1788,0.902,0.7257,0.0331,true
743,22900,0.8759,5,0.2681,0.7846,0.5319,0.4264,false
744,30844,0.6161,4,0.6309,0.8113,0.7591,0.825,false
745,11076,0.8919,10,0.8769,0.0271,0.8728,0.5856,false
746,15078,0.3491,6,0.9394,0.9761,0.8022,0.1298,true
747,21969,0.2539,5,0.4203,0.9041,0.9934,0.5801,true
748,14343,0.0364,8,0.7226,0.4567,0.5065,0.196,false
749,23894,0.8417,6,0.6319,0.9942,0.0842,0.1445,false
750,19445,0.0924,7,0.6626,0.2469,0.3922,0.5379,false
751,34645,0.0842,10,0.1585,0.6225,0.9594,0.8163,false
752,38020,0.6893,4,0.4862,0.3829,0.7878,0.7828,true
753,30987,0.837,10,0.8595,0.9721,0.4498,0.5459,false
754,32372,0.2033,10,0.3997,0.3358,0.8532,0.5667,true
755,19910,0.8097,7,0.5538,0.1171,0.3052,0.3486,true
756,36194,0.5373,5,0.2171,0.1275,0.4611,0.297,false
757,25900,0.4942,4,0.4343,0.7544,0.3587,0.141,false
758,17796,0.3318,1,0.6094,0.3622,0.7009,0.5642,false
759,34181,0.109,7,0.3884,0.2135,0.8673,0.7247,false
760,22306,0.1405,7,0.8725,0.8735,0.343,0.0673,false
761,14182,0.5808,5,0.2924,0.0851,0.7982,0.4506,true
762,31225,0.9441,9,0.0431,0.4969,0.5177,0.1703,false
763,13920,0.6464,3,0.3554,0.8707,0.1717,0.9779,true
764,17756,0.0161,4,0.0903,0.8302,0.9331,0.6105,false
765,37594,0.5433,8,0.1582,0.0217,0.8964,0.4571,true
766,25709,0.8086,10,0.9426,0.9659,0.8082,0.8581,true
767,11166,0.4038,5,0.3211,0.392,0.5842,0.0081,true
768,24839,0.6711,10,0.0091,0.7203,0.9213,0.4388,true
769,39028,0.9734,10,0.6628,0.8909,0.1004,0.9826,true
770,28998,0.7945,2,0.6857,0.2047,0.6654,0.9602,true
771,17880,0.4321,7,0.4242,0.8038,0.3117,0.224,true
772,20925,0.1959,10,0.6558,0.3173,0.0041,0.998,true
773,22815,0.5395,2,0.0841,0.8746,0.7573,0.8713,false
774,31978,0.4964,8,0.6524,0.6709,0.4454,0.0135,false
775,24258,0.0544,9,0.0756,0.9144,0.3322,0.6244,false
776,15898,0.2681,5,0.8062,0.572,0.6635,0.4888,true
777,17802,0.6935,10,0.2113,0.9673,0.5939,0.6306,false
778,11085,0.8666,10,0.6172,0.1723,0.725,0.1248,true
779,10024,0.3611,3,0.3016,0.7699,0.4747,0.2681,false
780,15727,0.6212,7,0.5841,0.9757,0.2482,0.2939,true
781,14314,0.6656,2,0.1934,0.842,0.5795,0.4931,true
782,39569,0.0452,6,0.3411,0.2335,0.4156,0.8396,false
783,23230,0.3279,7,0.2661,0.3175,0.9614,0.5498,false
784,27811,0.7487,3,0.8434,0.9148,0.0112,0.2402,false
785,27178,0.2935,9,0.3707,0.8744,0.3968,0.8446,true
786,19865,0.148,1,0.6089,0.6005,0.1807,0.1852,true
787,29932,0.3497,7,0.7752,0.4816,0.7628,0.3172,true
788,39503,0.9788,4,0.6097,0.2962,0.4166,0.2417,true
789,23058,0.7959,10,0.2085,0.6077,0.9159,0.2141,true
790,17033,0.8454,5,0.3535,0.1634,0.9312,0.7474,false
791,11777,0.5668,7,0.6273,0.1079,0.4834,0.3439,false
792,36920,0.9479,2,0.2601,0.3321,0.1154,0.3963,true
793,28424,0.859,1,0.1902,0.3496,0.0476,0.9531,false
794,29742,0.8752,4,0.863,0.5772,0.104,0.473,true
795,34267,0.8457,10,0.0493,0.1943,0.7406,0.4604,true
796,17472,0.4533,10,0.9937,0.6862,0.2783,0.5151,false
797,27559,0.2701,10,0.3418,0.7941,0.3685,0.6045,true
798,12258,0.5416,9,0.6938,0.6566,0.6846,0.7081,true
799,21064,0.835,1,0.0908,0.2426,0.1272,0.3748,true
800,13184,0.701,4,0.6796,0.3215,0.7651,0.4067,false
801,32482,0.6834,6,0.0585,0.092,0.3794,0.6153,true
802,28192,0.0039,9,0.4975,0.3644,0.0179,0.8681,true
803,12229,0.2402,5,0.5507,0.6138,0.5953,0.2152,false
804,34125,0.0772,10,0.1974,0.997,0.5127,0.7692,true
805,19904,0.3578,2,0.3815,0.8028,0.0952,0.4524,false
806,25801,0.0435,2,0.6034,0.5337,0.9715,0.7341,true
807,31237,0.5363,4,0.5316,0.9965,0.6888,0.749,false
808,26841,0.068,9,0.6413,0.7721,0.9911,0.724,true
809,10219,0.5595,6,0.5015,0.937,0.4087,0.0771,true
810,24902,0.54,6,0.6749,0.6537,0.0484,0.4722,false
811,32879,0.177,1,0.2434,0.4517,0.5258,0.5212,false
812,31090,0.221,10,0.0761,0.7911,0.4825,0.9363,true
813,27185,0.3905,3,0.1881,0.8487,0.6511,0.5442,true
814,22243,0.651,5,0.9209,0.6139,0.0471,0.7277,true
815,14756,0.895,2,0.1148,0.9595,0.8381,0.6058,true
816,12930,0.8838,1,0.603,0.5384,0.7217,0.6052,true
817,15835,0.9389,1,0.1459,0.8254,0.9052,0.7868,false
818,11322,0.461,4,0.1459,0.7139,0.7776,0.3318,false
819,38925,0.0797,6,0.8573,0.9113,0.8192,0.8809,false
820,35498,0.3093,10,0.1184,0.7538,0.2275,0.6613,true
821,10289,0.1708,4,0.9817,0.3069,0.2841,0.4371,true
822,20778,0.3366,1,0.8718,0.1557,0.7369,0.3636,true
823,37870,0.954,7,0.713,0.9665,0.2491,0.21,true
824,29344,0.5945,3,0.733,0.4659,0.1059,0.0827,true
825,35362,0.1915,10,0.8977,0.3607,0.9146,0.5169,false
826,32218,0.4618,3,0.7545,0.3258,0.9635,0.3974,false
827,21558,0.9179,5,0.8695,0.1999,0.2518,0.5879,true
828,11429,0.2835,5,0.658,0.4178,0.4344,0.874,true
829,23944,0.2659,9,0.5352,0.8649,0.6162,0.7842,false
830,38404,0.9091,4,0.1394,0.1347,0.1373,0.3635,false
831,12016,0.7837,4,0.1764,0.9487,0.6714,0.028,true
832,31428,0.0663,1,0.8629,0.211,0.4086,0.7574,true
833,30714,0.5705,2,0.7921,0.5361,0.9149,0.6524,true
834,19060,0.4995,4,0.8643,0.4677,0.9434,0.1993,true
835,21074,0.1546,10,0.6199,0.6546,0.6112,0.4294,true
836,33671,0.9582,6,0.6963,0.8828,0.7044,0.0863,true
837,12012,0.687,7,0.8712,0.6693,0.862,0.2393,false
838,11364,0.1476,7,0.5198,0.2428,0.4142,0.0642,true
839,30781,0.1184,10,0.4075,0.8905,0.4168,0.2005,false
840,24870,0.6527,9,0.6768,0.6534,0.1081,0.453,false
841,14524,0.4839,1,0.4979,0.3842,0.2823,0.938,false
842,10382,0.7794,1,0.3083,0.3857,0.987,0.9277,true
843,30634,0.0058,7,0.1334,0.0874,0.1334,0.94,true
844,30493,0.4419,8,0.2634,0.0049,0.9288,0.454,true
845,21653,0.2378,6,0.4993,0.3819,0.5911,0.599,true
846,31564,0.6118,3,0.5034,0.1723,0.0773,0.4065,true
847,29099,0.1642,1,0.2175,0.5181,0.0321,0.9787,false
848,21303,0.3177,10,0.9226,0.9077,0.5449,0.9889,false
849,26019,0.499,3,0.3316,0.8968,0.6322,0.4259,true
850,23186,0.1019,2,0.5381,0.9449,0.8933,0.9077,false
851,20090,0.2976,4,0.6674,0.5151,0.8843,0.0758,false
852,34784,0.8494,9,0.3523,0.1772,0.6199,0.2751,false
853,34107,0.5897,6,0.2414,0.5095,0.821,0.9831,false
854,22909,0.0968,1,0.9742,0.4635,0.5449,0.7961,true
855,29687,0.4821,10,0.2345,0.7084,0.3522,0.8598,false
856,33730,0.591,2,0.4142,0.8172,0.225,0.6572,true
857,39254,0.5781,5,0.0518,0.4659,0.817,0.5153,true
858,11465,0.3809,6,0.9371,0.0678,0.9751,0.5756,false
859,30749,0.5362,4,0.1007,0.3224,0.9947,0.8277,false
860,19371,0.5915,1,0.755,0.2163,0.2384,0.1699,false
861,31148,0.2021,3,0.6187,0.2103,0.6281,0.8761,false
862,28982,0.9968,2,0.6466,0.4477,0.1072,0.3767,false
863,11281,0.0812,9,0.3693,0.2289,0.2474,0.2929,true
864,20895,0.1392,7,0.491,0.3343,0.1299,0.7712,false
865,30938,0.4179,9,0.2479,0.4864,0.6143,0.4662,true
866,23507,0.5664,3,0.1336,0.6069,0.2375,0.2532,false
867,35745,0.1446,7,0.4901,0.411,0.9602,0.1587,true
868,20658,0.299,5,0.9132,0.1279,0.8853,0.7415,true
869,30451,0.2051,9,0.2848,0.3226,0.1487,0.3984,true
870,31997,0.7546,9,0.7884,0.8277,0.5388,0.2775,false
871,20706,0.8155,2,0.0514,0.7638,0.8919,0.2599,true
872,13945,0.514,5,0.4667,0.4201,0.777,0.9674,false
873,27633,0.3122,10,0.4507,0.4501,0.7229,0.7032,false
874,21381,0.8689,3,0.6088,0.9682,0.1799,0.1271,true
875,18502,0.349,1,0.5605,0.9379,0.4678,0.8055,false
876,15110,0.1849,5,0.4672,0.9208,0.3516,0.8727,false
877,21248,0.1794,5,0.4879,0.6667,0.1556,0.6161,true
878,15425,0.6584,8,0.9567,0.0971,0.2222,0.0461,true
879,26624,0.6959,7,0.5734,0.7904,0.5528,0.6087,true
880,17035,0.046,6,0.6667,0.5078,0.3108,0.129,false
881,23580,0.5367,1,0.1898,0.9232,0.3343,0.1856,true
882,15652,0.2628,5,0.7348,0.5606,0.3269,0.7277,true
883,35974,0.5871,3,0.5083,0.203,0.186,0.6875,true
884,11952,0.2163,5,0.5241,0.7635,0.6218,0.5989,false
885,29893,0.1966,4,0.9407,0.8545,0.3072,0.7477,true
886,25823,0.4297,7,0.1637,0.2289,0.6033,0.1997,true
887,17721,0.6791,3,0.0193,0.5518,0.6173,0.0855,false
888,14651,0.434,9,0.3353,0.453,0.6754,0.0706,false
889,11219,0.4423,4,0.2949,0.6214,0.6514,0.5676,true
890,17447,0.8498,5,0.021,0.5452,0.291,0.4584,false
891,25748,0.9267,7,0.0092,0.9411,0.0783,0.4179,true
892,18857,0.9337,1,0.0576,0.0936,0.3857,0.6961,true
893,37395,0.72,6,0.9046,0.9555,0.7771,0.4948,true
894,11991,0.6889,7,0.2084,0.5122,0.3992,0.8959,false
895,19991,0.6184,9,0.2358,0.8272,0.5534,0.8149,false
896,37871,0.7852,7,0.8395,0.6579,0.2041,0.1952,true
897,17782,0.4239,3,0.0918,0.957,0.2086,0.0849,true
898,39449,0.5877,2,0.9436,0.2052,0.0716,0.6405,true
899,36720,0.4354,3,0.1405,0.3457,0.7187,0.7051,false
900,17143,0.4707,4,0.9086,0.1778,0.4431,0.1798,false
901,24679,0.4312,2,0.6561,0.5604,0.1349,0.3479,false
902,39899,0.0766,4,0.0964,0.3151,0.9952,0.8397,true
903,18596,0.7855,10,0.6025,0.3505,0.2173,0.1684,false
904,34423,0.4753,4,0.3803,0.9735,0.8077,0.416,false
905,20717,0.8982,4,0.6885,0.3692,0.6551,0.0677,true
906,11502,0.434,10,0.433,0.5757,0.4153,0.3344,false
907,27223,0.7719,4,0.1755,0.7784,0.088,0.5896,false
908,30700,0.9797,5,0.8788,0.7495,0.8371,0.8036,true
909,23032,0.5941,4,0.1184,0.5169,0.5426,0.7386,false
910,19321,0.7366,6,0.4724,0.0376,0.7299,0.9298,true
911,18364,0.7101,10,0.6737,0.307,0.6383,0.7463,false
912,39877,0.7193,10,0.3497,0.883,0.6884,0.5919,true
913,25996,0.8529,10,0.7391,0.5179,0.6767,0.3827,false
914,23402,0.0289,8,0.1247,0.2778,0.1074,0.4642,false
915,39743,0.9482,2,0.0569,0.9051,0.597,0.4024,false
916,30914,0.0013,9,0.8134,0.7462,0.2084,0.033,false
917,22425,0.2322,4,0.5169,0.9332,0.6374,0.0985,false
918,25585,0.8535,2,0.0199,0.2447,0.5492,0.3157,true
919,27834,0.1171,10,0.1007,0.3559,0.614,0.045,false
920,26719,0.1026,6,0.7825,0.7068,0.2003,0.3546,false
921,23530,0.2728,8,0.8945,0.2735,0.1761,0.8426,false
922,10608,0.9615,10,0.6446,0.0445,0.8572,0.7501,false
923,25132,0.8876,2,0.6516,0.7033,0.374,0.5172,false
924,10178,0.0387,9,0.0801,0.8677,0.3066,0.6429,true
925,39944,0.4764,1,0.8688,0.0439,0.6925,0.4116,false
926,21850,0.6475,3,0.0765,0.0335,0.6535,0.2458,false
927,35868,0.1249,8,0.3778,0.6566,0.7438,0.4491,false
928,32995,0.8979,5,0.8292,0.7026,0.1574,0.651,true
929,16541,0.6705,7,0.1287,0.5307,0.6713,0.5835,true
930,26436,0.4033,1,0.5866,0.5256,0.9746,0.2235,false
931,15158,0.0694,5,0.8607,0.0575,0.6123,0.4495,false
932,18454,0.2672,8,0.4297,0.6439,0.6587,0.1052,true
933,11734,0.8391,10,0.8938,0.9029,0.8163,0.9306,true
934,12848,0.4511,7,0.7634,0.126,0.7008,0.247,true
935,29120,0.5792,2,0.9302,0.5489,0.5495,0.9948,true
936,16448,0.3718,8,0.6513,0.3258,0.3353,0.6496,false
937,28188,0.8407,4,0.3184,0.3801,0.8356,0.4568,true
938,19418,0.7211,7,0.5834,0.1525,0.5476,0.5505,true
939,30561,0.3792,2,0.3586,0.8856,0.2111,0.4581,true
940,27951,0.7004,3,0.0204,0.7139,0.6746,0.9877,true
941,14523,0.3287,3,0.4937,0.8909,0.5179,0.5596,false
942,32578,0.799,1,0.3464,0.3846,0.3862,0.7366,true
943,34637,0.284,7,0.4594,0.0194,0.4611,0.587,false
944,28170,0.4719,4,0.233,0.9733,0.7112,0.541,false
945,28216,0.1697,2,0.1668,0.8388,0.6985,0.526,false
946,27196,0.1143,10,0.298,0.3949,0.0702,0.8913,false
947,36750,0.484,10,0.4978,0.8151,0.9356,0.4604,true
948,26829,0.1028,1,0.2763,0.7683,0.0829,0.2463,false
949,15513,0.0579,9,0.8361,0.5386,0.8527,0.0941,false
950,29401,0.8639,10,0.2026,0.7885,0.8287,0.5582,false
951,21147,0.4204,3,0.9824,0.1374,0.1957,0.4034,true
952,33431,0.0531,8,0.7962,0.2203,0.1814,0.537,true
953,15869,0.1646,7,0.6001,0.0054,0.9826,0.1449,true
954,37020,0.31,5,0.9257,0.4851,0.0252,0.068,false
955,29998,0.3562,1,0.5366,0.286,0.0878,0.0005,true
956,13438,0.2141,9,0.9869,0.8883,0.0279,0.9309,false
957,21560,0.7098,8,0.9631,0.1294,0.9545,0.0479,false
958,10780,0.5668,3,0.7779,0.2238,0.0448,0.429,false
959,22921,0.3293,2,0.4435,0.8837,0.8304,0.718,false
960,33377,0.4946,8,0.2433,0.2115,0.7677,0.8126,true
961,34874,0.0117,8,0.9698,0.9039,0.7559,0.3502,false
962,32744,0.4492,3,0.3678,0.4812,0.8596,0.6205,false
963,31300,0.3462,4,0.7414,0.717,0.0532,0.8097,true
964,21045,0.9479,8,0.3095,0.6842,0.4466,0.5684,false
965,28165,0.5587,1,0.3031,0.19,0.4634,0.9415,false
966,35948,0.5576,7,0.5754,0.1125,0.8345,0.3686,true
967,21743,0.3266,1,0.2765,0.4105,0.7677,0.448,true
968,13458,0.6121,1,0.4505,0.5926,0.7054,0.0667,true
969,17453,0.984,3,0.4218,0.041,0.5074,0.0108,true
970,13190,0.6866,10,0.6495,0.4719,0.008,0.17,false
971,27393,0.2732,7,0.1694,0.8935,0.1489,0.3921,true
972,13787,0.2503,3,0.4551,0.7158,0.1611,0.1458,false
973,35787,0.9674,1,0.8352,0.6771,0.523,0.1017,false
974,10286,0.5143,1,0.9601,0.758,0.2342,0.5754,false
975,26291,0.1083,1,0.7821,0.7811,0.3368,0.0314,true
976,31000,0.8801,1,0.6039,0.0701,0.8748,0.1853,false
977,24511,0.0111,6,0.1727,0.3529,0.8445,0.8355,false
978,38464,0.4909,4,0.8665,0.15,0.3501,0.0994,false
979,21810,0.0305,9,0.8337,0.6368,0.2492,0.9602,true
980,13717,0.7124,2,0.7189,0.0408,0.1228,0.9753,false
981,36878,0.6173,8,0.4195,0.6297,0.3663,0.4824,true
982,13101,0.8928,10,0.5487,0.235,0.6544,0.8149,true
983,28654,0.4572,4,0.5352,0.8532,0.073,0.5174,false
984,38288,0.1019,9,0.5234,0.467,0.2031,0.0643,true
985,18911,0.9752,1,0.232,0.5129,0.9685,0.8195,true
986,39084,0.0147,1,0.6564,0.937,0.9118,0.4108,true
987,27552,0.1566,7,0.2893,0.49,0.7338,0.777,false
988,23170,0.8807,1,0.5138,0.3649,0.2677,0.8095,false
989,10441,0.8701,4,0.0945,0.9611,0.7516,0.9592,true
990,12457,0.758,9,0.6745,0.83,0.8375,0.0113,false
991,33352,0.3454,10,0.0793,0.3345,0.1915,0.4901,true
992,39547,0.9245,7,0.8106,0.3406,0.2937,0.2856,true
993,33693,0.3624,8,0.781,0.2768,0.4534,0.9362,false
994,34848,0.2391,6,0.9396,0.4244,0.7392,0.8172,false
995,36876,0.536,9,0.2983,0.71,0.7917,0.5062,true
996,14742,0.4778,2,0.395,0.9917,0.1919,0.4546,false
997,27127,0.1153,5,0.8619,0.2116,0.1118,0.6876,false
998,14514,0.6141,8,0.1267,0.5802,0.7351,0.3102,true
999,33017,0.8963,5,0.3815,0.7712,0.5229,0.384,true
1000,30463,0.828,7,0.4,0.1135,0.0227,0.4983,true
